GHCN_ID,name,state,latitude,longitude,elevation,record_temp,years_on_record
USC00012172,DAUPHIN IS #2,AL,30.2506,-88.0775,2.4,88.0,49
USC00015635,MOULTON 2,AL,34.4883,-87.2989,189.6,87.0,68
USC00020080,AJO,AZ,32.3697,-112.86,533.7,110.0,112
USC00020159,ALPINE,AZ,33.8492,-109.1469,2453.6,80.0,105
USC00020287,ANVIL RCH,AZ,31.9792,-111.3836,840.9,102.0,83
USC00020288,APACHE JUNCTION 5 NE,AZ,33.4625,-111.4814,630.9,104.0,39
USC00020586,BAGDAD,AZ,34.5975,-113.1744,1199.4,93.0,89
USC00020683,BENSON 6SE,AZ,31.8806,-110.2403,1124.7,100.0,82
USC00020750,BETATAKIN,AZ,36.6778,-110.5411,2220.8,82.0,85
USC00020808,BLACK RVR PUMPS,AZ,33.4783,-109.7517,1848.6,86.0,72
USC00020871,BLUE RIDGE RS,AZ,34.6108,-111.1922,2097.0,87.0,61
USC00021050,BULLHEAD CITY,AZ,35.1411,-114.5686,161.8,104.0,46
USC00021248,CANYON DE CHELLY,AZ,36.1533,-109.5394,1709.9,89.0,108
USC00021282,CAREFREE,AZ,33.8161,-111.9019,771.1,102.0,59
USC00021306,CASA GRANDE,AZ,32.8875,-111.7147,426.7,104.0,100
USC00021314,CASA GRANDE NM,AZ,32.9947,-111.5367,432.5,106.0,102
USC00021330,CASCABEL,AZ,32.2617,-110.3481,973.5,102.0,60
USC00022109,CORDES,AZ,34.305,-112.165,1149.4,97.0,94
USC00022140,CORONADO NMEM,AZ,31.3456,-110.2542,1597.8,93.0,67
USC00022754,DUNCAN,AZ,32.7481,-109.1214,1115.6,98.0,84
USC00023009,FLAGSTAFF 4 SW,AZ,35.1611,-111.7311,2171.7,83.0,41
USC00023150,FT THOMAS 2 SW,AZ,33.0094,-109.9855,864.1,103.0,56
USC00023160,FT VALLEY,AZ,35.2681,-111.7428,2239.4,86.0,109
USC00023190,FOUNTAIN HILLS,AZ,33.6028,-111.7131,481.6,103.0,47
USC00023393,GILA BEND 2SE,AZ,32.9381,-112.6811,242.0,108.0,115
USC00023828,HAPPY JACK RS,AZ,34.7433,-111.4139,2279.9,81.0,56
USC00023961,HEBER (BLACK MESA) RS,AZ,34.3925,-110.5581,2008.6,84.0,76
USC00024675,KITT PEAK,AZ,31.9603,-111.5978,2069.6,83.0,63
USC00024761,LAKE HAVASU CITY,AZ,34.5031,-114.3603,136.9,106.0,36
USC00025412,MC NARY 2N,AZ,34.1142,-109.8589,2237.2,82.0,93
USC00025635,MONTEZUMA CASTLE NM,AZ,34.6106,-111.8381,969.3,101.0,88
USC00025700,MORMON FLAT,AZ,33.5544,-111.4425,519.7,105.0,99
USC00025825,NATURAL BRG,AZ,34.3219,-111.4533,1404.5,92.0,76
USC00025924,NOGALES 6 N,AZ,31.4553,-110.9681,1054.9,100.0,74
USC00026132,ORGAN PIPE CACTUS NM,AZ,31.9556,-112.8003,511.5,107.0,83
USC00026242,PARADISE,AZ,31.9353,-109.2186,1664.2,90.0,52
USC00026353,PEARCE - SUNSITES,AZ,31.9356,-109.8378,1325.9,95.0,72
USC00026468,PETRIFIED FOREST NP,AZ,34.7994,-109.885,1659.9,92.0,96
USC00026471,PHANTOM RCH,AZ,36.1067,-112.0947,771.1,103.0,85
USC00026513,PICACHO 8 SE,AZ,32.6464,-111.4017,603.8,106.0,39
USC00026616,PIPE SPRING NM,AZ,36.8625,-112.7375,1499.6,91.0,62
USC00026653,PLEASANT VALLEY,AZ,34.1003,-110.9658,1579.8,91.0,67
USC00026796,PRESCOTT,AZ,34.5706,-112.4322,1586.5,92.0,125
USC00027281,ROOSEVELT 1 S,AZ,33.6489,-111.1089,794.0,99.0,118
USC00027390,SAFFORD AG CTR,AZ,32.815,-109.6808,900.4,101.0,78
USC00027435,SAINT JOHNS,AZ,34.5172,-109.4028,1764.8,92.0,114
USC00027480,SAN CARLOS RESERVOIR,AZ,33.1819,-110.5261,771.8,101.0,108
USC00027488,SANDERS,AZ,35.2239,-109.3222,1784.0,87.0,66
USC00027560,SAN SIMON,AZ,32.2933,-109.2269,1091.2,98.0,71
USC00027619,SASABE,AZ,31.4831,-111.5436,1094.2,101.0,68
USC00027855,SHOW LOW AP,AZ,34.2639,-110.0075,1954.1,86.0,43
USC00027880,SIERRA VISTA,AZ,31.5369,-110.2808,1403.9,95.0,44
USC00028162,SPRINGERVILLE,AZ,34.1311,-109.275,2133.0,87.0,114
USC00028326,SUNRISE MTN,AZ,33.9733,-109.5631,2856.0,75.0,34
USC00028329,SUNSET CRATER NM,AZ,35.3694,-111.5436,2127.5,82.0,57
USC00028396,TACNA 3 NE,AZ,32.7225,-113.9192,98.8,111.0,58
USC00028468,TEEC NOS POS,AZ,36.9233,-109.09,1612.4,89.0,63
USC00028499,TEMPE ASU,AZ,33.4258,-111.9217,355.7,105.0,78
USC00028619,TOMBSTONE,AZ,31.7119,-110.0686,1420.1,96.0,125
USC00028795,TUCSON 17 NW,AZ,32.2542,-111.1961,780.6,102.0,41
USC00028865,TUMACACORI NM,AZ,31.5678,-111.0497,995.8,100.0,79
USC00028904,TUZIGOOT,AZ,34.7706,-112.0264,1057.7,99.0,92
USC00029158,WALNUT CREEK,AZ,34.9281,-112.8097,1551.4,93.0,74
USC00029309,WIKIEUP,AZ,34.7056,-113.6125,612.6,104.0,67
USC00029334,WILLCOX,AZ,32.2553,-109.8369,1271.0,98.0,122
USC00029359,WILLIAMS,AZ,35.2414,-112.1928,2105.9,85.0,123
USC00029542,WUPATKI NM,AZ,35.5247,-111.3703,1496.0,91.0,85
USC00029634,YOUNGTOWN,AZ,33.595,-112.3014,345.9,105.0,62
USC00029656,YUMA QUARTERMASTER DEPOT,AZ,32.7275,-114.6217,48.8,110.0,33
USC00030460,BATESVILLE L&D 1,AR,35.7594,-91.6383,88.4,92.0,75
USC00030536,BEEDEVILLE 4 NE,AR,35.4586,-91.0567,67.7,88.0,62
USC00030764,BLAKELY MTN DAM,AR,34.5697,-93.1947,129.8,91.0,69
USC00030798,BLUE MTN DAM,AR,35.1161,-93.6506,129.8,94.0,60
USC00031132,CALICO ROCK 2 WSW,AR,36.1092,-92.1636,106.7,95.0,85
USC00032794,GILBERT,AR,35.9886,-92.7161,184.7,93.0,90
USC00032930,GRAVETTE,AR,36.4261,-94.4481,384.0,94.0,127
USC00033821,KEISER,AR,35.6872,-90.0964,70.7,88.0,66
USC00034106,LEAD HILL,AR,36.4194,-92.9158,253.0,96.0,97
USC00034666,MARSHALL,AR,35.9117,-92.6564,289.9,94.0,100
USC00035018,MOUNTAINBURG 2 NE,AR,35.6494,-94.1542,241.7,92.0,72
USC00035036,MTN HOME 1 NNW,AR,36.3458,-92.3939,243.8,96.0,110
USC00035046,MTN VIEW,AR,35.8444,-92.0978,218.2,92.0,58
USC00035200,NIMROD DAM,AR,34.9553,-93.1594,146.3,92.0,83
USC00035512,OZARK 2,AR,35.5125,-93.8683,253.0,92.0,33
USC00036376,SAINT CHARLES,AR,34.3703,-91.1242,61.0,89.0,92
USC00037712,W MEMPHIS,AR,35.1242,-90.1805,65.5,87.0,63
USC00040136,ALPINE,CA,32.8358,-116.7775,516.6,99.0,72
USC00040192,ANAHEIM,CA,33.8647,-117.8425,71.6,100.0,37
USC00040212,ANGWIN PACIFIC UNION COLLEGE,CA,38.5731,-122.4406,522.7,87.0,73
USC00040343,ASH MTN,CA,36.4914,-118.8253,520.6,90.0,95
USC00040521,BARSTOW,CA,34.8928,-117.0219,676.7,96.0,45
USC00040673,BEN LOMOND #4,CA,37.0856,-122.0797,128.0,99.0,89
USC00040790,BIG SUR STN,CA,36.2472,-121.7803,61.0,93.0,33
USC00040931,BOCA,CA,39.3886,-120.0936,1699.3,85.0,87
USC00040943,BODIE CALIFORNIA ST HISTORIC P,CA,38.2119,-119.0142,2551.2,75.0,68
USC00040983,BORREGO DESERT PARK,CA,33.2558,-116.4036,246.9,106.0,59
USC00041194,BURBANK VALLEY PUMP PLT,CA,34.1867,-118.3481,199.6,100.0,58
USC00041244,BUTTONWILLOW,CA,35.4028,-119.47,68.6,93.0,83
USC00041253,CACHUMA LAKE,CA,34.5822,-119.9817,240.5,98.0,74
USC00041312,CALISTOGA,CA,38.5961,-122.6014,121.9,94.0,49
USC00041424,CAMPO,CA,32.6264,-116.47,801.6,100.0,74
USC00041614,CEDARVILLE,CA,41.53,-120.1792,1428.9,82.0,126
USC00041697,CHERRY VALLEY DAM,CA,37.9747,-119.9161,1452.4,87.0,69
USC00041806,CLEARLAKE 4 SE,CA,38.9239,-122.5672,411.2,93.0,68
USC00041838,CLOVERDALE,CA,38.7931,-123.0264,121.9,94.0,69
USC00041864,COALINGA,CA,36.1356,-120.3606,204.2,99.0,82
USC00041948,COLUSA 2 SSW,CA,39.1875,-122.0269,15.2,92.0,75
USC00042012,CORCORAN IRRIG DIST,CA,36.0975,-119.5817,61.0,92.0,78
USC00042214,CULVER CITY,CA,34.005,-118.4139,28.0,93.0,89
USC00042239,CUYAMACA,CA,32.9897,-116.5872,1414.3,88.0,124
USC00042294,DAVIS 2 WSW EXP FARM,CA,38.535,-121.7761,18.3,92.0,123
USC00042319,DEATH VALLEY NP,CA,36.4622,-116.8669,-59.1,107.0,114
USC00042500,DOWNIEVILLE,CA,39.5633,-120.8239,888.5,89.0,96
USC00042574,DUNSMUIR TRTMT PL,CA,41.1831,-122.2817,661.1,86.0,48
USC00042598,EAGLE MTN,CA,33.8089,-115.4508,296.6,104.0,93
USC00042706,EL CAJON,CA,32.8006,-116.9281,150.9,101.0,46
USC00042713,EL CENTRO 2 SSW,CA,32.7669,-115.5617,-9.1,108.0,95
USC00042863,ESCONDIDO #2,CA,33.1211,-117.09,182.9,101.0,88
USC00042934,FAIRFIELD,CA,38.2736,-122.0678,12.2,90.0,76
USC00042941,FAIRMONT,CA,34.705,-118.4297,932.7,88.0,106
USC00043083,FIVE POINTS 5 SSW,CA,36.3642,-120.1561,86.9,96.0,79
USC00043191,FT ROSS,CA,38.515,-123.2447,34.1,81.0,83
USC00043244,FREMONT,CA,37.5422,-122.0158,11.6,88.0,30
USC00043261,FRIANT GOVERNMENT CAMP,CA,36.9969,-119.7072,125.0,92.0,92
USC00043463,GLENNVILLE,CA,35.7269,-118.7006,957.1,88.0,72
USC00043551,GRANT GROVE,CA,36.7375,-118.9619,2005.6,74.0,82
USC00043573,GRASS VALLEY #2,CA,39.2042,-121.0681,731.5,85.0,60
USC00043578,GRATON,CA,38.4306,-122.8647,61.0,93.0,100
USC00043855,HAYFIELD PUMPING PLT,CA,33.7044,-115.6289,417.6,107.0,93
USC00043914,HENSHAW DAM,CA,33.2372,-116.7614,823.0,96.0,84
USC00043939,HETCH HETCHY,CA,37.9614,-119.7831,1179.6,89.0,114
USC00044025,HOLLISTER 2,CA,36.8483,-121.4214,83.8,94.0,47
USC00044211,IDYLLWILD FIRE DEPT,CA,33.7572,-116.7067,1639.8,89.0,78
USC00044223,IMPERIAL,CA,32.8489,-115.5667,-19.5,108.0,108
USC00044259,INDIO FIRE STN,CA,33.7086,-116.2153,-6.4,108.0,117
USC00044297,IRON MTN,CA,34.1472,-115.1219,281.0,108.0,90
USC00044374,JESS VALLEY,CA,41.2683,-120.2947,1645.9,79.0,75
USC00044412,JULIAN CDF,CA,33.0764,-116.5925,1284.7,89.0,38
USC00044534,KETTLEMAN CITY,CA,36.0067,-119.96,73.2,93.0,45
USC00044555,KING CITY,CA,36.2069,-121.1378,97.5,100.0,92
USC00044712,LAKE SOLANO,CA,38.4919,-122.0039,57.0,92.0,49
USC00044838,LAVA BEDS NAT MON,CA,41.7019,-121.5011,1453.9,76.0,65
USC00044881,LEE VINING,CA,37.9567,-119.1194,2071.7,81.0,37
USC00044890,LEMON COVE,CA,36.3817,-119.0264,156.4,97.0,127
USC00044997,LIVERMORE,CA,37.6928,-121.8144,119.8,91.0,122
USC00045064,LOMPOC,CA,34.6539,-120.4514,22.9,96.0,80
USC00045118,LOS BANOS,CA,37.0564,-120.8667,36.6,91.0,95
USC00045360,MARKLEY COVE,CA,38.4917,-122.1242,146.3,91.0,56
USC00045449,MCCLOUD,CA,41.2517,-122.1383,985.4,85.0,116
USC00045679,MINERAL,CA,40.3458,-121.6092,1485.9,79.0,100
USC00045915,MT DIABLO JUNCTION,CA,37.8792,-121.9303,661.4,86.0,73
USC00045933,MT HAMILTON,CA,37.3436,-121.6425,1282.0,81.0,77
USC00045983,MT SHASTA,CA,41.3219,-122.3178,1101.2,78.0,35
USC00046006,MT WILSON CBS,CA,34.2308,-118.0711,1740.4,83.0,70
USC00046074,NAPA STATE HOSPITAL,CA,38.2778,-122.2647,10.7,92.0,131
USC00046154,NEW CUYAMA FIRE STN,CA,34.9456,-119.6828,658.4,95.0,53
USC00046174,NEW MELONES DAM HQ,CA,38.0047,-120.4864,292.6,90.0,35
USC00046336,OAKLAND MUSEUM,CA,37.7983,-122.2642,9.1,91.0,53
USC00046399,OJAI,CA,34.4478,-119.2275,227.1,99.0,119
USC00046624,PALMDALE,CA,34.5883,-118.0939,796.1,96.0,94
USC00046657,PALOMAR MTN OBSY,CA,33.3781,-116.84,1691.6,83.0,88
USC00046699,PARKER RESRVOIR,CA,34.2903,-114.1708,224.9,106.0,87
USC00046719,PASADENA,CA,34.1483,-118.1447,263.3,101.0,119
USC00046730,PASO ROBLES,CA,35.6278,-120.6856,222.5,96.0,127
USC00046773,PEARBLOSSOM,CA,34.5025,-117.8969,945.2,94.0,40
USC00046926,PINNACLES NM,CA,36.4819,-121.1822,398.4,93.0,90
USC00047085,PORTOLA,CA,39.8053,-120.4719,1478.3,84.0,109
USC00047109,POTTER VALLEY POWERHOUSE,CA,39.3619,-123.1286,310.3,94.0,89
USC00047195,QUINCY,CA,39.9367,-120.9475,1042.4,87.0,123
USC00047339,REDWOOD CITY,CA,37.4767,-122.2386,9.4,94.0,93
USC00047414,RICHMOND,CA,37.9192,-122.3772,6.1,88.0,75
USC00047813,SAN JACINTO,CA,33.7964,-116.9753,464.8,102.0,46
USC00047851,SAN LUIS OBISPO POLY,CA,35.3056,-120.6619,93.9,98.0,99
USC00047880,SAN RAFAEL CIVIC CTR,CA,37.9983,-122.5372,36.6,92.0,76
USC00047888,SANTA ANA FIRE STN,CA,33.7442,-117.8667,41.1,100.0,109
USC00047902,SANTA BARBARA,CA,34.4167,-119.6844,4.9,96.0,130
USC00047965,SANTA ROSA,CA,38.4558,-122.7133,50.6,92.0,115
USC00048135,SHASTA DAM,CA,40.7142,-122.4161,327.7,95.0,84
USC00048273,SKYLINE RIDGE PRESERVE,CA,37.3133,-122.185,691.9,90.0,30
USC00048353,SONORA,CA,37.9672,-120.3872,510.5,87.0,119
USC00048380,SO ENTRANCE YOSEMITE NP,CA,37.5122,-119.6331,1538.3,82.0,77
USC00048587,STONY GORGE RSVR,CA,39.5861,-122.5342,243.8,90.0,98
USC00048606,STRAWBERRY VALLEY,CA,39.5631,-121.1078,1160.7,87.0,78
USC00048702,SUSANVILLE 2SW,CA,40.4167,-120.6631,1283.8,82.0,115
USC00048999,TRACY CARBONA,CA,37.6819,-121.3467,41.1,92.0,76
USC00049001,TRACY PUMPING PLT,CA,37.7958,-121.5831,18.6,91.0,72
USC00049035,TRONA,CA,35.7636,-117.3908,516.6,98.0,104
USC00049053,TULELAKE,CA,41.96,-121.4744,1230.8,79.0,91
USC00049073,TURLOCK #2,CA,37.5019,-120.8456,31.4,89.0,51
USC00049099,TWENTYNINE PALMS,CA,34.1281,-116.0369,602.0,100.0,90
USC00049111,TWITCHELL DAM,CA,34.9881,-120.3211,177.4,98.0,56
USC00049367,VISALIA,CA,36.3283,-119.2997,92.4,94.0,126
USC00049473,WATSONVILLE WTR WKS,CA,36.9308,-121.7692,29.0,95.0,112
USC00049699,WILLOWS 6 W,CA,39.5231,-122.3047,71.3,90.0,120
USC00049785,WOODLAND HILLS PIERCE COLLEGE,CA,34.1819,-118.5744,240.8,102.0,77
USC00049866,YREKA,CA,41.7031,-122.6414,825.7,82.0,123
USC00050109,AKRON 4 E,CO,40.155,-103.1417,1384.4,89.0,76
USC00050214,ALTENBERN,CO,39.4992,-108.3808,1718.2,85.0,68
USC00050263,ANTERO RSVR,CO,38.9931,-105.8914,2724.6,71.0,65
USC00050372,ASPEN 1SW,CO,39.1853,-106.8381,2491.7,73.0,45
USC00050797,BLUE MESA LAKE,CO,38.4667,-107.1678,2306.7,79.0,40
USC00050834,BONNY DAM 2NE,CO,39.6567,-102.1192,1132.9,93.0,70
USC00050848,BOULDER,CO,39.9919,-105.2667,1671.5,89.0,130
USC00050950,BRIGHTON 3 SE,CO,39.9436,-104.8361,1528.9,90.0,53
USC00051060,BUCKHORN MTN 1 E,CO,40.6158,-105.2969,2255.5,80.0,37
USC00051071,BUENA VISTA 2S,CO,38.8247,-106.1275,2424.4,78.0,114
USC00051121,BURLINGTON,CO,39.3061,-102.2608,1268.6,99.0,117
USC00051268,CAMPO 7 S,CO,37.0103,-102.5536,1251.2,99.0,47
USC00051294,CANON CITY,CO,38.46,-105.2256,1639.2,91.0,131
USC00051528,CHEESMAN,CO,39.2203,-105.2783,2097.0,84.0,123
USC00051539,CHERAW 1 N,CO,38.115,-103.51,1264.0,93.0,33
USC00051609,CIMARRON,CO,38.4433,-107.5569,2100.1,82.0,73
USC00051660,CLIMAX,CO,39.3672,-106.1897,3457.7,60.0,75
USC00051713,COCHETOPA CREEK,CO,38.4431,-106.7617,2440.2,78.0,79
USC00051772,COLORADO NM,CO,39.1014,-108.7339,1762.0,87.0,86
USC00051886,CORTEZ,CO,37.3444,-108.595,1879.7,86.0,98
USC00051932,CRAIG 4SW,CO,40.4517,-107.5906,1980.0,81.0,49
USC00051959,CRESTED BUTTE,CO,38.8739,-106.9772,2702.7,70.0,114
USC00051964,CRESTONE 2 SE,CO,37.9806,-105.6897,2439.6,79.0,45
USC00052184,DEL NORTE 3ENE,CO,37.6911,-106.3078,2391.2,79.0,105
USC00052281,DILLON 1 E,CO,39.6261,-106.0353,2763.0,71.0,116
USC00052446,EADS,CO,38.4758,-102.7769,1283.8,92.0,110
USC00052790,EVERGREEN,CO,39.6381,-105.315,2129.0,83.0,64
USC00053005,FT COLLINS,CO,40.5764,-105.0858,1525.2,91.0,133
USC00053016,FT LEWIS,CO,37.2308,-108.0514,2320.7,77.0,99
USC00053116,FRASER,CO,39.9425,-105.8172,2609.1,69.0,37
USC00053246,GATEWAY 1ENE,CO,38.6878,-108.9608,1423.7,90.0,70
USC00053261,GEORGETOWN,CO,39.7053,-105.6997,2596.9,74.0,57
USC00053489,GRAND JUNCTION 6ESE,CO,39.0422,-108.4664,1450.8,88.0,64
USC00053496,GRAND LAKE 1 NW,CO,40.2669,-105.8322,2657.9,71.0,86
USC00053500,GRAND LAKE 6 SSW,CO,40.185,-105.8667,2526.2,69.0,78
USC00053530,GRANT,CO,39.4608,-105.6786,2644.1,73.0,63
USC00053541,GREAT SAND DUNES NP & PRESERVE,CO,37.7333,-105.5119,2494.2,78.0,76
USC00053553,GREELEY UNC,CO,40.4022,-104.6992,1437.1,94.0,60
USC00053662,GUNNISON 3SW,CO,38.5253,-106.9672,2323.2,79.0,130
USC00053867,HAYDEN,CO,40.4925,-107.2547,1971.1,82.0,110
USC00053951,HERMIT 8 SE,CO,37.7494,-107.095,2727.7,75.0,106
USC00054082,HOLYOKE,CO,40.5453,-102.3411,1152.1,94.0,114
USC00054388,JOHN MARTIN DAM,CO,38.0633,-102.9297,1162.5,92.0,85
USC00054444,KARVAL,CO,38.7411,-103.5428,1546.9,90.0,44
USC00054452,KASSLER,CO,39.49,-105.0953,1702.9,89.0,108
USC00054538,KIM 15 NNE,CO,37.4536,-103.3219,1581.9,93.0,37
USC00054546,KIM 10SSE,CO,37.115,-103.2986,1602.3,94.0,38
USC00054724,LA JUNTA,CO,37.9822,-103.5439,1246.3,95.0,31
USC00054742,LAKE GEORGE 8 SW,CO,38.9075,-105.4706,2606.0,76.0,66
USC00054770,LAMAR,CO,38.0936,-102.6306,1105.5,94.0,130
USC00054834,LAS ANIMAS,CO,38.0636,-103.2153,1185.7,94.0,132
USC00054934,LEMON DAM,CO,37.3789,-107.6592,2471.9,77.0,44
USC00054945,LEROY 5 WSW,CO,40.5147,-102.9906,1361.5,89.0,98
USC00055025,LINDON 5 WNW,CO,39.7556,-103.4986,1478.6,89.0,38
USC00055116,LONGMONT 2 ESE,CO,40.1694,-105.0775,1508.8,92.0,108
USC00055236,LOVELAND 2N,CO,40.435,-105.085,1548.4,92.0,34
USC00055322,MANASSA,CO,37.1711,-105.94,2345.4,82.0,117
USC00055327,MANCOS 1SW,CO,37.335,-108.3161,2102.2,83.0,56
USC00055446,MAYBELL,CO,40.5158,-108.0947,1811.7,82.0,63
USC00055484,MEEKER,CO,40.0358,-107.9058,1898.6,83.0,99
USC00055531,MESA VERDE NP,CO,37.1997,-108.4892,2176.9,82.0,105
USC00055706,MONTE VISTA 2W,CO,37.5811,-106.1867,2345.4,81.0,85
USC00055722,MONTROSE #2,CO,38.4858,-107.8792,1764.5,88.0,125
USC00055934,NEW RAYMER 21 N,CO,40.9319,-103.8678,1578.9,88.0,38
USC00055970,NORTHDALE,CO,37.8122,-109.0133,2036.4,80.0,83
USC00055984,NORTHGLENN,CO,39.8989,-105.0133,1648.1,94.0,41
USC00056131,ORDWAY 1 ENE,CO,38.2211,-103.7322,1314.3,93.0,42
USC00056266,PALISADE,CO,39.1136,-108.3506,1448.1,86.0,112
USC00056765,PUEBLO RSVR,CO,38.2597,-104.7178,1481.6,91.0,50
USC00056832,RANGELY 1E,CO,40.0889,-108.7728,1608.4,87.0,88
USC00057020,RIDGWAY,CO,38.15,-107.7583,2148.5,85.0,44
USC00057050,RIO GRANDE RSVR,CO,37.7219,-107.2667,2893.2,75.0,46
USC00057167,ROCKY FORD 2 SE,CO,38.0383,-103.6947,1271.0,92.0,133
USC00057309,RUXTON PARK,CO,38.8417,-104.9742,2761.5,69.0,67
USC00057317,RYE 1SW,CO,37.9136,-104.9483,2176.6,83.0,30
USC00057337,SAGUACHE,CO,38.0858,-106.1444,2347.3,79.0,115
USC00057515,SEDGWICK 5 S,CO,40.8658,-102.5161,1218.0,93.0,68
USC00057618,SHOSHONE,CO,39.5703,-107.2267,1826.4,84.0,51
USC00057656,SILVERTON,CO,37.8089,-107.6633,2830.1,73.0,118
USC00057936,STEAMBOAT SPRINGS,CO,40.4883,-106.8233,2092.8,81.0,123
USC00058022,STRONTIA SPRINGS DAM,CO,39.4344,-105.1208,1780.0,88.0,42
USC00058064,SUGARLOAF RSVR,CO,39.2494,-106.3714,2968.1,68.0,78
USC00058157,TACONY 13 SE,CO,38.3422,-104.0567,1488.0,90.0,68
USC00058184,TAYLOR PARK,CO,38.8183,-106.6086,2797.8,70.0,85
USC00058204,TELLURIDE 4WNW,CO,37.9492,-107.8736,2635.3,75.0,112
USC00058429,TRINIDAD,CO,37.1786,-104.4869,1837.9,90.0,116
USC00058436,TRINIDAD LAKE,CO,37.1503,-104.5567,1923.3,91.0,38
USC00058501,TWIN LAKES RSVR,CO,39.0942,-106.3506,2815.1,71.0,58
USC00058575,VAIL,CO,39.6394,-106.3539,2531.1,72.0,41
USC00058690,VIRGINIA DALE 7 ENE,CO,40.9656,-105.2186,2138.2,83.0,31
USC00058756,WALDEN,CO,40.7442,-106.2792,2455.5,73.0,95
USC00058781,WALSENBURG 1 NW,CO,37.6303,-104.7956,1917.8,90.0,89
USC00058793,WALSH 1 W,CO,37.3822,-102.2986,1212.5,97.0,58
USC00058839,WATERDALE,CO,40.4256,-105.2103,1594.1,88.0,118
USC00058931,WESTCLIFFE,CO,38.1314,-105.4661,2399.7,79.0,121
USC00058995,WHEAT RIDGE 2,CO,39.775,-105.1169,1645.3,89.0,44
USC00059096,WILLIAMS FORK DAM,CO,40.0375,-106.2039,2322.0,80.0,43
USC00059275,YELLOW JACKET 2W,CO,37.5217,-108.755,2113.2,85.0,50
USC00083470,GLEN ST MARY 1 W,FL,30.2717,-82.1856,39.0,93.0,102
USC00084095,HOMESTEAD GEN AVIATION AP,FL,25.5011,-80.55,2.7,95.0,33
USC00084394,JASPER,FL,30.5228,-82.9447,44.8,92.0,75
USC00090311,APPLING 2 NW,GA,33.5572,-82.3369,120.7,90.0,66
USC00091965,CLARKESVILLE,GA,34.6158,-83.5428,417.6,86.0,35
USC00100010,ABERDEEN EXP STN,ID,42.9536,-112.8253,1342.6,78.0,112
USC00100470,ASHTON 1N,ID,44.0708,-111.4564,1588.6,74.0,126
USC00100803,BERN,ID,42.3353,-111.385,1817.8,76.0,35
USC00101018,BOISE LUCKY PEAK DAM,ID,43.5253,-116.0542,865.6,84.0,72
USC00101671,CHILLY BARTON FLAT,ID,43.9778,-113.8292,1908.0,70.0,77
USC00102159,COTTONWOOD 2 WSW,ID,46.0336,-116.3919,1202.4,76.0,48
USC00102260,CRATERS OF THE MOON,ID,43.4628,-113.56,1802.6,74.0,68
USC00102575,DIXIE,ID,45.5525,-115.4606,1713.0,64.0,60
USC00102676,DRIGGS,ID,43.7306,-111.1125,1865.4,72.0,109
USC00102707,DUBOIS EXP STN,ID,44.2436,-112.2006,1661.2,76.0,102
USC00102875,ELK CITY 1NE,ID,45.8356,-115.4611,1236.9,74.0,69
USC00102942,EMMETT 2 E,ID,43.8544,-116.4664,728.5,83.0,119
USC00103108,FAIRFIELD RS,ID,43.3428,-114.79,1543.8,75.0,72
USC00103297,FT HALL 1 NNE,ID,43.0425,-112.4144,1360.9,77.0,111
USC00103732,GRACE,ID,42.5872,-111.7275,1691.6,76.0,118
USC00103964,HAMER 4 NW,ID,43.9664,-112.2642,1460.0,79.0,78
USC00104318,HOMEDALE 1 SE,ID,43.6058,-116.9211,679.7,82.0,37
USC00104384,HOWE,ID,43.7828,-113.0033,1469.1,79.0,67
USC00104455,IDAHO FALLS - KIFI,ID,43.5139,-112.0125,1445.4,78.0,71
USC00104456,IDAHO FALLS 16 SE,ID,43.3456,-111.7847,1776.4,74.0,65
USC00104598,ISLAND PARK,ID,44.4189,-111.3714,1917.2,68.0,90
USC00104845,KETCHUM RS,ID,43.6842,-114.3603,1795.3,72.0,88
USC00105275,LIFTON PUMPING STN,ID,42.1231,-111.3133,1809.0,72.0,107
USC00105462,MACKAY LOST RVR RS,ID,43.9178,-113.6153,1797.4,78.0,118
USC00105678,MASSACRE ROCKS SP,ID,42.6681,-112.9981,1278.6,80.0,52
USC00105708,MCCALL,ID,44.8872,-116.1047,1531.6,71.0,115
USC00105980,MINIDOKA DAM,ID,42.6769,-113.5022,1269.2,82.0,76
USC00106388,NEW MEADOWS RS,ID,44.9714,-116.2933,1177.1,73.0,115
USC00106542,OAKLEY,ID,42.2342,-113.8981,1389.6,80.0,133
USC00106586,OLA,ID,44.1758,-116.2828,937.3,81.0,44
USC00107040,PICABO,ID,43.3086,-114.0667,1474.9,75.0,68
USC00107346,PRESTON,ID,42.0933,-111.8825,1438.4,77.0,54
USC00107644,REXBURG BYU IDAHO,ID,43.8083,-111.7892,1525.5,77.0,48
USC00107673,RICHFIELD,ID,43.0517,-114.155,1313.4,79.0,109
USC00107706,RIGGINS,ID,45.3542,-116.395,626.7,83.0,99
USC00108022,SAINT ANTHONY,ID,43.9517,-111.6789,1496.6,76.0,86
USC00108080,SALMON-KSRA,ID,45.1731,-113.8856,1204.9,80.0,59
USC00108380,SHOSHONE 1 WNW,ID,42.9383,-114.4169,1204.0,83.0,118
USC00108676,STANLEY,ID,44.2208,-114.9347,1904.7,68.0,67
USC00108818,SUGAR CITY,ID,43.8867,-111.7367,1501.1,77.0,83
USC00108937,SWAN VALLEY,ID,43.4372,-111.2792,1645.0,81.0,65
USC00109065,TETONIA EXP STN,ID,43.8564,-111.2769,1880.6,70.0,74
USC00110137,ALTON - MELVIN PRICE L&D,IL,38.8669,-90.1489,123.4,89.0,83
USC00110598,BENTLEY,IL,40.3444,-91.1125,198.1,92.0,32
USC00111290,CARLYLE RSVR,IL,38.625,-89.3631,152.7,89.0,64
USC00111329,CASEY,IL,39.2975,-87.9747,189.0,88.0,39
USC00111436,CHARLESTON,IL,39.4761,-88.1653,213.4,89.0,130
USC00111836,CONGERVILLE 2NW,IL,40.6211,-89.2414,195.1,87.0,31
USC00112140,DANVILLE,IL,40.1392,-87.6478,169.2,86.0,124
USC00112353,DIXON SPRINGS AGRIC CTR,IL,37.4389,-88.6678,160.6,86.0,59
USC00113455,GLADSTONE DAM 18,IL,40.8822,-91.0233,164.0,84.0,49
USC00113580,GRAND CHAIN DAM 53,IL,37.2036,-89.0422,117.3,81.0,36
USC00114198,HOOPESTON,IL,40.4664,-87.685,216.4,86.0,124
USC00114442,JACKSONVILLE 2E,IL,39.7347,-90.1978,185.9,93.0,131
USC00114489,JERSEYVILLE 2 SW,IL,39.1025,-90.3431,192.0,93.0,83
USC00114629,KASKASKIA RVR NAVIGATION LOCK,IL,37.9833,-89.9469,115.8,92.0,51
USC00114780,KNOXVILLE,IL,40.9025,-90.2897,221.9,85.0,32
USC00114957,LAWRENCEVILLE 2WSW,IL,38.7239,-87.7197,137.5,86.0,34
USC00115079,LINCOLN,IL,40.1519,-89.3386,177.7,91.0,118
USC00115712,MINONK,IL,40.9125,-89.0339,228.6,88.0,128
USC00115772,MONMOUTH 4NW,IL,40.9361,-90.7197,220.7,86.0,30
USC00115841,MORRISONVILLE,IL,39.4158,-89.4614,192.0,94.0,42
USC00116080,NEW BOSTON DAM 17,IL,41.1925,-91.0578,167.0,86.0,41
USC00116157,NEWTON,IL,38.9917,-88.1828,161.8,87.0,31
USC00116200,NORMAL 4NE,IL,40.5492,-88.9497,240.8,88.0,134
USC00116579,PANA,IL,39.3686,-89.0867,198.1,88.0,131
USC00116610,PARIS STP,IL,39.6186,-87.6672,197.8,88.0,133
USC00116661,PAW PAW 2S,IL,41.6653,-88.9781,271.0,83.0,61
USC00116738,PERRY 6 NW,IL,39.8058,-90.8239,198.1,91.0,31
USC00117077,QUINCY DAM 21,IL,39.9036,-91.4283,147.2,91.0,59
USC00117345,ROBINSON,IL,39.0061,-87.7769,163.1,87.0,39
USC00117636,SALEM,IL,38.6403,-88.9458,167.6,90.0,70
USC00117876,SHELBYVILLE DAM,IL,39.4078,-88.7739,198.1,87.0,40
USC00118020,SMITHLAND L&D,IL,37.1644,-88.4311,108.8,88.0,45
USC00118684,TUSCOLA,IL,39.7947,-88.2911,198.4,87.0,99
USC00118740,CHAMPAIGN 3S,IL,40.0839,-88.2403,219.8,88.0,138
USC00120177,ANDERSON SEWAGE PLT,IN,40.1117,-85.7164,256.3,85.0,129
USC00120784,BLOOMINGTON INDIANA UNIV,IN,39.1742,-86.5214,253.0,86.0,129
USC00120852,BOONVILLE 1S,IN,38.0303,-87.2736,121.9,89.0,40
USC00121030,BROOKVILLE,IN,39.4239,-85.0144,192.0,88.0,97
USC00121256,CANNELTON,IN,37.8994,-86.7072,122.5,86.0,31
USC00121873,CRAWFORDSVILLE 6 SE,IN,40.0028,-86.8011,254.8,84.0,43
USC00122309,DUBOIS S IN FORAGE FM,IN,38.4558,-86.6983,210.3,87.0,71
USC00123527,GREENFIELD,IN,39.7858,-85.7611,264.9,86.0,122
USC00125407,MARTINSVILLE 2 SW,IN,39.4039,-86.453,180.4,88.0,74
USC00126164,NEW CASTLE 3 SW,IN,39.8942,-85.3953,302.1,86.0,77
USC00126435,N VERNON 2 ESE,IN,39.0017,-85.5997,226.5,86.0,88
USC00127370,RICHMOND WTR WKS,IN,39.8544,-84.8778,306.3,85.0,58
USC00127646,RUSHVILLE,IN,39.6042,-85.4533,289.0,87.0,125
USC00127999,SHELBYVILLE SEWAGE PLT,IN,39.5283,-85.7914,229.2,87.0,129
USC00128036,SHOALS 8 S,IN,38.5528,-86.7944,145.4,89.0,113
USC00129113,VINCENNES 5 NE,IN,38.7386,-87.4878,137.8,88.0,44
USC00129138,WABASH,IN,40.7917,-85.8258,202.7,84.0,97
USC00129430,W LAFAYETTE 6 NW,IN,40.475,-86.9919,215.8,88.0,120
USC00130149,ALLERTON,IA,40.7039,-93.3703,332.2,91.0,46
USC00130157,ALLISON,IA,42.7536,-92.8022,316.4,85.0,109
USC00130200,AMES 8 WSW,IA,42.0208,-93.7742,335.0,90.0,62
USC00130203,AMES 5 SE,IA,41.9519,-93.5656,265.2,92.0,31
USC00130364,ATLANTIC 1 NE,IA,41.4175,-95.0042,351.1,94.0,132
USC00130385,AUDUBON,IA,41.7069,-94.9222,390.1,90.0,131
USC00130600,BELLE PLAINE,IA,41.8814,-92.2764,246.9,89.0,134
USC00130807,BOONE,IA,42.0417,-93.8908,315.5,91.0,119
USC00131233,CARROLL,IA,42.065,-94.85,378.0,91.0,134
USC00131319,CEDAR RAPIDS #1,IA,42.0497,-91.5881,247.8,89.0,132
USC00131394,CHARITON 1 E,IA,41.0164,-93.2792,294.1,91.0,131
USC00131442,CHEROKEE,IA,42.7572,-95.5378,368.8,90.0,104
USC00131533,CLARINDA,IA,40.7244,-95.0192,298.7,94.0,134
USC00131731,COLUMBUS JUNCTION,IA,41.2764,-91.3581,179.8,89.0,114
USC00131833,CORNING,IA,40.9883,-94.7589,362.7,92.0,130
USC00131962,CRESTON 2 SW,IA,41.0372,-94.3936,395.0,88.0,117
USC00132209,DES MOINES WSFO-JOHNSTON,IA,41.7367,-93.7236,292.3,92.0,31
USC00132689,EMMETSBURG,IA,43.1025,-94.6833,373.4,86.0,77
USC00132724,ESTHERVILLE 4E,IA,43.4036,-94.7472,402.3,86.0,131
USC00132789,FAIRFIELD,IA,41.0211,-91.9553,225.6,89.0,126
USC00132999,FT DODGE 5NNW,IA,42.5836,-94.2006,339.9,90.0,125
USC00133007,FT MADISON,IA,40.6222,-91.3339,161.5,88.0,77
USC00133473,GRINNELL 3 SW,IA,41.72,-92.7489,275.8,90.0,130
USC00133509,GUTHRIE CTR,IA,41.6686,-94.4972,324.6,91.0,128
USC00134101,IOWA CITY,IA,41.6092,-91.505,195.1,90.0,130
USC00134142,IOWA FALLS,IA,42.5189,-93.2536,321.6,88.0,132
USC00134228,JEFFERSON,IA,42.0103,-94.3953,321.6,92.0,119
USC00134381,KEOKUK LOCK DAM 19,IA,40.3967,-91.375,160.6,88.0,129
USC00134389,KEOSAUQUA,IA,40.7356,-91.9697,191.7,90.0,133
USC00134585,LAMONI,IA,40.6233,-93.9342,343.8,93.0,105
USC00134735,LE MARS,IA,42.7817,-96.1458,364.2,93.0,131
USC00134894,LOGAN,IA,41.6381,-95.7883,301.8,94.0,132
USC00135123,MAPLETON NO.2,IA,42.1619,-95.7836,365.8,93.0,89
USC00135493,MILFORD 4 NW,IA,43.3828,-95.1842,427.3,85.0,91
USC00135769,MT AYR,IA,40.7053,-94.2428,347.5,92.0,132
USC00135796,MT PLEASANT 1 SSW,IA,40.9486,-91.5647,222.5,90.0,126
USC00136151,OAKLAND,IA,41.3044,-95.3844,384.0,92.0,104
USC00136566,PERRY,IA,41.8394,-94.1106,289.6,89.0,125
USC00136719,POCAHONTAS,IA,42.7292,-94.6614,369.4,90.0,118
USC00136800,PRIMGHAR,IA,43.0864,-95.6292,463.3,88.0,96
USC00136910,RATHBUN DAM,IA,40.825,-92.8925,294.1,91.0,55
USC00136940,RED OAK,IA,41.0036,-95.2419,317.0,93.0,98
USC00137147,ROCK RAPIDS,IA,43.43,-96.1686,411.5,90.0,127
USC00137312,SAC CITY,IA,42.4194,-94.9761,368.8,90.0,130
USC00137386,SANBORN,IA,43.1792,-95.6603,472.7,88.0,110
USC00137613,SHENANDOAH,IA,40.7719,-95.3567,304.5,94.0,91
USC00137664,SIBLEY,IA,43.4047,-95.7483,466.0,86.0,115
USC00137678,SIGOURNEY,IA,41.3372,-92.2278,223.1,91.0,129
USC00137700,SIOUX CTR 2 SE,IA,43.0558,-96.1525,414.5,90.0,112
USC00137726,SIOUX RAPIDS 4 E,IA,42.8931,-95.0653,432.8,90.0,84
USC00137844,SPENCER 1 N,IA,43.1653,-95.1467,404.2,88.0,114
USC00137859,SPIRIT LAKE,IA,43.4231,-95.1394,432.8,86.0,39
USC00137979,STORM LAKE,IA,42.6469,-95.1933,439.5,89.0,129
USC00138026,SWEA CITY 5N,IA,43.4542,-94.3069,359.7,86.0,66
USC00138296,TOLEDO 3N,IA,42.0356,-92.5806,285.0,89.0,131
USC00138568,VINTON,IA,42.1703,-92.0078,259.1,88.0,84
USC00138688,WASHINGTON,IA,41.2825,-91.7078,209.4,89.0,133
USC00138806,WEBSTER CITY,IA,42.4686,-93.7975,326.7,89.0,126
USC00139067,WILLIAMSBURG 1E,IA,41.665,-91.9978,237.7,91.0,110
USC00139132,WINTERSET 1S,IA,41.315,-94.0183,335.3,92.0,121
USC00140010,ABILENE,KS,38.9267,-97.2128,361.8,97.0,100
USC00140365,ASHLAND,KS,37.1942,-99.7633,600.5,104.0,127
USC00140439,ATWOOD,KS,39.7994,-101.0422,881.8,100.0,103
USC00140682,BELLEVILLE,KS,39.8186,-97.6378,466.3,97.0,90
USC00140693,BELOIT,KS,39.4575,-98.1125,424.0,97.0,96
USC00141179,BURR OAK 1N,KS,39.8775,-98.3036,503.2,98.0,76
USC00141383,CEDAR BLUFF DAM,KS,38.7978,-99.7231,650.7,97.0,74
USC00141428,CHANUTE 4E,KS,37.6728,-95.3783,302.4,94.0,30
USC00141435,CHAPMAN,KS,38.9644,-97.0119,338.6,96.0,65
USC00141522,CIMARRON,KS,37.8133,-100.3456,823.9,99.0,111
USC00141559,CLAY CTR,KS,39.3739,-97.1275,366.1,96.0,122
USC00141612,CLINTON LAKE,KS,38.9408,-95.3397,298.7,94.0,49
USC00141699,COLBY 1SW,KS,39.3925,-101.0689,966.2,95.0,68
USC00141704,COLDWATER,KS,37.2733,-99.3289,644.7,101.0,123
USC00141740,COLUMBUS,KS,37.1767,-94.8428,272.2,93.0,130
USC00141867,COUNCIL GROVE LAKE,KS,38.6758,-96.5097,400.8,94.0,61
USC00141874,COURTLAND,KS,39.7811,-97.8956,457.2,99.0,40
USC00142401,EL DORADO,KS,37.8183,-96.8444,393.2,97.0,126
USC00142432,ELKHART,KS,37.0058,-101.8867,1097.0,99.0,118
USC00142548,EMPORIA 3 NW,KS,38.4294,-96.2189,377.3,96.0,43
USC00142602,ESKRIDGE,KS,38.8592,-96.1058,430.1,94.0,117
USC00142622,EUREKA 1E,KS,37.8253,-96.2644,335.3,95.0,106
USC00142835,FT SCOTT,KS,37.8172,-94.6986,269.4,95.0,126
USC00142881,FRANKFORT 6NE,KS,39.7756,-96.3503,385.3,93.0,33
USC00142980,GARDEN CITY EXP STN,KS,37.9931,-100.8122,880.9,95.0,70
USC00143008,GARNETT 1 E,KS,38.28,-95.2178,304.2,94.0,88
USC00143074,GIRARD,KS,37.5081,-94.8394,301.8,95.0,67
USC00143100,GLEN ELDER LAKE,KS,39.5039,-98.315,457.2,97.0,62
USC00143218,GREAT BEND 3W,KS,38.3614,-98.8281,570.6,96.0,78
USC00143239,GREENSBURG,KS,37.6025,-99.3022,683.7,95.0,120
USC00143527,HAYS 1 S,KS,38.8586,-99.3358,612.6,98.0,133
USC00143554,HEALY,KS,38.6003,-100.6197,868.7,100.0,125
USC00143594,HERINGTON,KS,38.6656,-96.9494,407.8,96.0,98
USC00143665,HILL CITY 1E,KS,39.3619,-99.8278,649.8,97.0,40
USC00143759,HOLTON,KS,39.4578,-95.755,320.0,94.0,79
USC00143847,HUDSON,KS,38.1042,-98.6592,569.1,98.0,76
USC00143855,HUGOTON,KS,37.1639,-101.34,947.9,104.0,99
USC00143867,HUMBOLDT,KS,37.8117,-95.4456,286.5,94.0,32
USC00143929,HUTCHINSON,KS,38.09,-97.9125,469.4,98.0,33
USC00143930,HUTCHINSON 10 SW,KS,37.9311,-98.0297,472.1,99.0,68
USC00143984,IOLA 1 W,KS,37.9233,-95.4242,290.8,93.0,68
USC00144087,JETMORE 8NNW,KS,38.1964,-99.9175,740.7,99.0,40
USC00144104,JOHN REDMOND LAKE,KS,38.2547,-95.75,332.8,96.0,66
USC00144114,JOHNSON,KS,37.5669,-101.7506,1015.0,101.0,31
USC00144178,KANOPOLIS LAKE,KS,38.6078,-97.9597,454.8,97.0,77
USC00144313,KINGMAN,KS,37.6453,-98.125,471.5,98.0,82
USC00144357,KIRWIN DAM,KS,39.6619,-99.1228,517.2,97.0,74
USC00144464,LAKIN,KS,37.9411,-101.2492,913.8,99.0,131
USC00144559,LAWRENCE,KS,38.9583,-95.2514,320.0,94.0,125
USC00144695,LIBERAL,KS,37.0308,-100.9069,863.8,102.0,120
USC00144712,LINCOLN 1 SE,KS,39.0294,-98.13,427.0,96.0,115
USC00144857,LOVEWELL DAM,KS,39.9,-98.0256,488.3,96.0,66
USC00144972,MANHATTAN,KS,39.1972,-96.5814,323.1,95.0,130
USC00145039,MARION RSVR,KS,38.3778,-97.0753,417.3,91.0,60
USC00145063,MARYSVILLE,KS,39.8383,-96.6364,359.1,95.0,76
USC00145152,MCPHERSON,KS,38.3772,-97.6097,463.3,95.0,134
USC00145210,MELVERN LAKE,KS,38.5039,-95.7036,333.5,97.0,52
USC00145306,MILFORD LAKE,KS,39.0744,-96.8983,369.7,92.0,61
USC00145363,MINNEAPOLIS,KS,39.1247,-97.7047,398.1,97.0,132
USC00145421,MONTEZUMA,KS,37.5922,-100.4389,844.3,98.0,30
USC00145536,MOUND VALLEY 3 WSW,KS,37.1872,-95.4508,243.8,93.0,75
USC00145852,NORTON DAM,KS,39.8114,-99.9386,715.1,98.0,60
USC00145856,NORTON 9SSE,KS,39.7408,-99.8361,735.5,97.0,125
USC00145888,OAKLEY 4W,KS,39.1131,-100.9447,945.5,95.0,104
USC00146076,OSAGE CITY,KS,38.6361,-95.8031,333.5,96.0,89
USC00146128,OTTAWA,KS,38.6133,-95.2808,275.8,94.0,131
USC00146242,PARSONS 2 NW,KS,37.3678,-95.2881,277.4,93.0,102
USC00146333,PERRY LAKE,KS,39.1175,-95.41,291.7,92.0,59
USC00146414,PITTSBURG,KS,37.3903,-94.7025,276.8,94.0,34
USC00146435,PLAINVILLE 4WNW,KS,39.245,-99.3808,668.7,101.0,115
USC00146498,POMONA LAKE,KS,38.645,-95.5661,324.0,95.0,61
USC00146637,QUINTER,KS,39.0667,-100.2389,814.4,94.0,95
USC00146808,RICHFIELD,KS,37.2633,-101.7886,1038.8,102.0,79
USC00147050,RUSSELL SPRINGS 3N,KS,38.9617,-101.1664,933.9,97.0,78
USC00147093,SAINT FRANCIS,KS,39.7675,-101.8067,1016.8,97.0,116
USC00147305,SEDAN,KS,37.1322,-96.18,274.9,100.0,134
USC00147542,SMITH CTR,KS,39.7772,-98.7783,554.7,98.0,87
USC00147796,STERLING,KS,38.2144,-98.2078,498.7,96.0,76
USC00148038,SYRACUSE 1NE,KS,37.9928,-101.7417,1008.3,97.0,91
USC00148235,TRIBUNE 1W,KS,38.4661,-101.7731,1107.6,95.0,118
USC00148259,TUTTLE CREEK LAKE,KS,39.2475,-96.5994,322.5,93.0,66
USC00148341,VALLEY FALLS 3 SW,KS,39.3033,-95.4861,320.3,96.0,31
USC00148495,WAKEENEY,KS,39.0147,-99.8722,745.2,96.0,122
USC00148563,WAMEGO 4 W,KS,39.2142,-96.37,355.4,96.0,113
USC00148578,WASHINGTON,KS,39.8089,-97.055,397.8,95.0,76
USC00148648,WEBSTER DAM,KS,39.4031,-99.4192,567.8,100.0,73
USC00148670,WELLINGTON,KS,37.2678,-97.4194,373.1,94.0,115
USC00148946,WILSON LAKE,KS,38.9667,-98.4889,460.9,97.0,62
USC00149080,YATES CTR,KS,37.8833,-95.7278,338.9,97.0,106
USC00151080,BUCKHORN LAKE,KY,37.3417,-83.4706,237.7,90.0,33
USC00151890,CRAB ORCHARD 6 N,KY,37.4903,-84.4375,312.4,87.0,45
USC00154958,LOUISVILLE WFO,KY,38.115,-85.6444,192.6,88.0,31
USC00155067,MADISONVILLE,KY,37.3475,-87.5239,129.5,88.0,78
USC00155097,MAMMOTH CAVE,KY,37.1317,-86.1481,231.6,87.0,85
USC00155834,NOLIN RVR LAKE,KY,37.2814,-86.2497,189.9,89.0,62
USC00156136,PAINTSVILLE 1E,KY,37.8175,-82.7883,192.0,90.0,49
USC00157215,SCOTTSVILLE,KY,36.7461,-86.2258,226.5,87.0,81
USC00157677,STEARNS 2S,KY,36.6736,-84.4792,371.9,87.0,56
USC00158446,WARSAW MARKLAND DAM,KY,38.7744,-84.9667,137.5,88.0,66
USC00214453,LAKEFIELD 2NE,MN,43.7022,-95.1519,466.3,84.0,30
USC00214546,LAMBERTON SW RSCH & OUTREACH C,MN,44.2394,-95.3153,347.5,85.0,66
USC00216565,PIPESTONE,MN,44.0139,-96.3258,519.7,85.0,128
USC00219046,WINNEBAGO,MN,43.7639,-94.1661,338.3,85.0,127
USC00219170,WORTHINGTON 2 NNE,MN,43.645,-95.5803,478.5,85.0,54
USC00220660,BELZONI,MS,33.1772,-90.4919,35.1,89.0,94
USC00224173,HOLLY SPRINGS 4 N,MS,34.8219,-89.4347,147.2,86.0,56
USC00229079,UNIVERSITY,MS,34.3725,-89.5308,124.4,92.0,131
USC00229173,VERONA EXP STN,MS,34.1647,-88.7239,99.1,88.0,35
USC00230051,ALBANY,MO,40.2486,-94.3308,266.7,89.0,53
USC00230127,ALTON,MO,36.6919,-91.3989,247.8,92.0,43
USC00230204,APPLETON CITY,MO,38.1872,-94.0283,264.0,94.0,134
USC00230657,BILLINGS 1SW,MO,37.0539,-93.5756,399.3,90.0,62
USC00230789,BOLIVAR 1 NE,MO,37.6164,-93.3914,300.8,90.0,115
USC00230856,BOWLING GREEN 1 E,MO,39.3444,-91.1711,272.8,90.0,59
USC00231087,BUFFALO 2N,MO,37.6669,-93.1069,326.4,91.0,63
USC00231145,BUTLER 4W,MO,38.2611,-94.405,240.8,94.0,76
USC00231189,CALIFORNIA,MO,38.6278,-92.5567,267.9,91.0,71
USC00231275,CANTON L&D 20,MO,40.1439,-91.5158,149.4,89.0,89
USC00231340,CARROLLTON,MO,39.3594,-93.4886,214.9,91.0,91
USC00231383,CASSVILLE,MO,36.6875,-93.8694,419.4,89.0,68
USC00231580,CHILLICOTHE 2S,MO,39.775,-93.5358,237.7,92.0,46
USC00231640,CLARKSVILLE L&D 24,MO,39.3736,-90.9061,140.2,91.0,34
USC00231674,CLEARWATER DAM,MO,37.1319,-90.7756,201.2,91.0,79
USC00231801,COLUMBIA U OF M,MO,38.9425,-92.3206,234.7,93.0,32
USC00231822,CONCEPTION,MO,40.2394,-94.6833,337.7,94.0,137
USC00232240,DIAMOND 2W,MO,36.9858,-94.3553,326.1,95.0,34
USC00233043,FREEDOM,MO,38.4583,-91.7028,245.4,95.0,63
USC00233094,GALENA,MO,36.8061,-93.4678,313.0,92.0,60
USC00233601,HANNIBAL WTR WKS,MO,39.7231,-91.3747,217.0,91.0,125
USC00233838,HIGGINSVILLE,MO,39.0733,-93.7075,254.8,91.0,35
USC00234019,HOUSTON,MO,37.3186,-91.9628,373.1,94.0,98
USC00234544,KIRKSVILLE,MO,40.2058,-92.5747,295.7,90.0,129
USC00234694,LAKESIDE,MO,38.2042,-92.6233,179.8,93.0,93
USC00234919,LICKING 4N,MO,37.5544,-91.8833,359.7,95.0,90
USC00235050,LONG BRANCH RSVR,MO,39.7506,-92.5064,249.9,84.0,37
USC00235207,MALDEN MUNI AP,MO,36.5994,-89.9894,88.4,87.0,61
USC00235307,MARSHFIELD 4 WSW,MO,37.3233,-92.9828,431.0,92.0,82
USC00235340,MARYVILLE 2E,MO,40.3458,-94.8342,300.2,93.0,130
USC00235492,MEMPHIS,MO,40.4575,-92.1822,234.7,90.0,83
USC00235704,MONETT 4SW,MO,36.8617,-93.9625,432.8,90.0,53
USC00235834,MTN GROVE 2 N,MO,37.1542,-92.2619,446.8,92.0,125
USC00235976,NEOSHO,MO,36.865,-94.3603,314.9,93.0,134
USC00235987,NEVADA WTP,MO,37.8394,-94.3739,265.5,92.0,116
USC00236402,OSCEOLA,MO,38.0492,-93.7039,226.8,93.0,69
USC00236460,OZARK BEACH,MO,36.6744,-93.1075,254.2,96.0,76
USC00236745,PLEASANT HILL WFO,MO,38.81,-94.2647,304.8,93.0,31
USC00236777,POMME DE TERRE DAM,MO,37.905,-93.3167,276.5,91.0,65
USC00236826,POTOSI 4 SW,MO,37.8956,-90.8414,336.8,95.0,49
USC00236866,PRINCETON,MO,40.3986,-93.5839,298.7,89.0,85
USC00237263,ROLLA MISSOURI S&T,MO,37.9567,-91.7761,357.5,92.0,116
USC00237300,ROSEBUD,MO,38.4508,-91.3753,222.5,91.0,42
USC00237397,ST CHARLES ELM PT,MO,38.8142,-90.5139,143.9,93.0,132
USC00237398,ST CHARLES 7 SSW,MO,38.6853,-90.5233,137.2,93.0,52
USC00237506,SALEM,MO,37.6339,-91.5361,367.3,93.0,122
USC00237514,SALISBURY,MO,39.4247,-92.8106,222.5,91.0,80
USC00237578,SAVERTON L&D 22,MO,39.6361,-91.25,143.9,92.0,78
USC00237632,SEDALIA WTP,MO,38.6753,-93.2228,237.7,92.0,102
USC00237720,SHELBINA,MO,39.6828,-92.0464,227.7,90.0,84
USC00237772,SIKESTON PWR STN,MO,36.8775,-89.6231,94.5,86.0,68
USC00237862,SMITHVILLE LAKE,MO,39.3903,-94.5497,275.5,93.0,41
USC00237963,SPICKARD 7 W,MO,40.2472,-93.7158,266.7,92.0,69
USC00238051,STEFFENVILLE,MO,39.9703,-91.8875,214.9,90.0,128
USC00238082,STOCKTON DAM,MO,37.6967,-93.7725,281.0,92.0,56
USC00238184,SUMMERSVILLE 3 SE,MO,37.14,-91.6269,376.7,94.0,61
USC00238223,SWEET SPRINGS,MO,38.9664,-93.4194,205.7,92.0,86
USC00238444,TRENTON,MO,40.0825,-93.6086,255.1,92.0,120
USC00238466,TRUMAN DAM & RSVR,MO,38.2597,-93.4136,229.8,93.0,43
USC00238700,WAPPAPELLO DAM,MO,36.9231,-90.2836,125.0,88.0,87
USC00238754,WASOLA 5N,MO,36.8581,-92.5875,373.7,97.0,79
USC00238805,WELDON SPRING NWS,MO,38.6989,-90.6828,185.9,93.0,65
USC00238880,W PLAINS,MO,36.7267,-91.8736,336.8,91.0,74
USC00240199,ANACONDA,MT,46.1308,-112.9333,1594.1,72.0,65
USC00240743,BIDDLE 8 SW,MT,45.0428,-105.48,1106.7,83.0,63
USC00240780,BIG TIMBER,MT,45.8325,-109.9511,1249.7,80.0,123
USC00241008,BOULDER,MT,46.2311,-112.1139,1494.7,74.0,78
USC00241044,BOZEMAN MONTANA STATE UNIV,MT,45.6622,-111.0464,1497.5,78.0,132
USC00241047,BOZEMAN 6 W EXP FARM,MT,45.6728,-111.1547,1455.4,77.0,60
USC00241102,BRIDGER 2 N,MT,45.3261,-108.9092,1092.1,85.0,114
USC00241127,BROADUS,MT,45.4442,-105.4072,924.2,84.0,94
USC00241905,COLSTRIP,MT,45.8944,-106.6336,980.8,81.0,98
USC00241938,COLUMBUS,MT,45.6444,-109.2675,1097.9,83.0,96
USC00241984,CONTENT 4 NNE,MT,48.0803,-107.525,708.7,79.0,55
USC00242275,DEER LODGE 3 W,MT,46.3911,-112.7975,1478.3,73.0,60
USC00242409,DILLON U OF MONTANA WESTERN,MT,45.2089,-112.6389,1563.3,75.0,129
USC00242793,ENNIS,MT,45.3394,-111.7122,1509.7,79.0,108
USC00243915,HARDIN,MT,45.7317,-107.6092,877.8,85.0,75
USC00243939,HARLOWTON,MT,46.4356,-109.8428,1286.9,78.0,75
USC00244038,HEBGEN DAM,MT,44.8667,-111.3392,1977.8,65.0,119
USC00244241,HOLTER DAM,MT,46.9908,-112.0117,1062.8,76.0,122
USC00244345,HUNTLEY EXP STN,MT,45.9228,-108.2453,924.8,84.0,114
USC00244386,INGOMAR 9 E,MT,46.5675,-107.195,853.4,82.0,68
USC00245030,LIMA,MT,44.6331,-112.5928,1913.8,73.0,106
USC00245080,LIVINGSTON 12 S,MT,45.4956,-110.5589,1537.4,78.0,44
USC00245334,MALTA,MT,48.3589,-107.8714,689.5,76.0,30
USC00245596,MELSTONE,MT,46.6008,-107.8706,893.7,82.0,106
USC00245603,MELVILLE 4 W,MT,46.1047,-110.05,1635.3,73.0,65
USC00245961,MYSTIC LAKE,MT,45.2436,-109.7311,1994.6,66.0,102
USC00246157,NORRIS MADISON PWR HOUSE,MT,45.4875,-111.6336,1446.3,75.0,120
USC00246472,PHILLIPSBURG RS,MT,46.3158,-113.3,1606.3,72.0,69
USC00246918,RED LODGE,MT,45.1769,-109.2572,1720.9,75.0,127
USC00247261,RYEGATE,MT,46.2986,-109.2561,1112.5,81.0,83
USC00247263,RYEGATE 18 NNW,MT,46.5333,-109.3442,1353.3,80.0,63
USC00248324,TOWNSEND 3SE,MT,46.2989,-111.4525,1208.2,79.0,78
USC00248430,TWIN BRIDGES,MT,45.5472,-112.3261,1409.7,78.0,71
USC00248597,VIRGINIA CITY,MT,45.2925,-111.9478,1759.6,73.0,121
USC00250070,ALBION,NE,41.6853,-98.0083,547.1,95.0,125
USC00250365,ARTHUR,NE,41.5697,-101.6917,1115.6,92.0,96
USC00250435,AUBURN 5 ESE,NE,40.3706,-95.7469,283.5,96.0,126
USC00250640,BEAVER CITY,NE,40.1306,-99.8278,654.7,100.0,131
USC00251200,BROKEN BOW 2 W,NE,41.4083,-99.675,763.2,94.0,128
USC00251345,BURWELL,NE,41.7769,-99.1433,663.2,91.0,72
USC00251415,CAMBRIDGE,NE,40.2847,-100.1433,682.4,98.0,99
USC00251450,CANADAY STEAM PLT,NE,40.6944,-99.7008,719.9,96.0,75
USC00251684,CLAY CTR,NE,40.5208,-98.0536,545.0,96.0,54
USC00251825,COLUMBUS 3 NE,NE,41.4639,-97.3278,442.0,95.0,130
USC00252000,CRESCENT LAKE NWR,NE,41.7608,-102.4378,1163.7,90.0,90
USC00252020,CRETE 4ESE,NE,40.6092,-96.8719,445.0,97.0,132
USC00252065,CULBERTSON,NE,40.2317,-100.8303,786.7,97.0,122
USC00252100,CURTIS,NE,40.6344,-100.5219,794.3,96.0,123
USC00252595,ELGIN,NE,41.9872,-98.0747,589.8,95.0,37
USC00252770,ERICSON 8 WNW,NE,41.8036,-98.8239,651.4,98.0,41
USC00252820,FAIRBURY 5S,NE,40.0739,-97.1669,411.5,95.0,131
USC00253050,FREMONT,NE,41.43,-96.4669,359.7,97.0,131
USC00253185,GENOA 2 W,NE,41.4514,-97.7644,484.6,99.0,134
USC00253365,GOTHENBURG,NE,40.9394,-100.1514,793.4,94.0,131
USC00253425,GREELEY,NE,41.5461,-98.5331,615.7,95.0,87
USC00253595,HARLAN CO LAKE,NE,40.0892,-99.2133,612.6,98.0,78
USC00253605,HARRISBURG 12WNW,NE,41.6331,-103.9542,1386.8,91.0,65
USC00253652,CONCORD,NE,42.3844,-96.9883,440.1,94.0,57
USC00253660,HASTINGS 4N,NE,40.6472,-98.3836,590.7,96.0,115
USC00253735,HEBRON,NE,40.175,-97.5903,451.1,97.0,132
USC00253810,HERSHEY 5 SSE,NE,41.1056,-100.9775,899.8,93.0,58
USC00253910,HOLDREGE,NE,40.4517,-99.3803,707.1,96.0,125
USC00254110,IMPERIAL,NE,40.5092,-101.6514,1004.0,94.0,129
USC00254335,KEARNEY 4 NE,NE,40.7258,-99.0133,649.2,95.0,125
USC00254455,KINGSLEY DAM,NE,41.2097,-101.6706,1011.3,90.0,88
USC00255362,MEAD 6S,NE,41.1431,-96.4808,352.0,97.0,58
USC00255555,MINATARE DAM (USBR),NE,41.9178,-103.4842,1263.1,91.0,43
USC00255565,MINDEN,NE,40.5156,-98.9514,658.4,95.0,128
USC00255810,NEBRASKA CITY 2NW,NE,40.6986,-95.8867,321.6,96.0,65
USC00256040,N LOUP,NE,41.4969,-98.7714,597.7,96.0,120
USC00256135,OAKDALE,NE,42.0644,-97.9667,533.1,96.0,134
USC00256200,OGALLALA,NE,41.1275,-101.7206,984.5,93.0,103
USC00256290,O'NEILL,NE,42.4594,-98.6564,606.6,91.0,117
USC00256375,OSCEOLA,NE,41.1844,-97.5514,506.6,98.0,114
USC00256385,OSHKOSH,NE,41.4014,-102.3464,1033.3,97.0,112
USC00256454,OXFORD 6NNW,NE,40.3283,-99.6522,683.4,97.0,32
USC00256970,PURDUM,NE,42.065,-100.2472,819.9,94.0,122
USC00257040,RAVENNA,NE,41.0319,-98.9214,623.6,96.0,134
USC00257070,RED CLOUD,NE,40.0978,-98.5197,527.9,98.0,125
USC00257715,SEWARD,NE,40.8997,-97.0908,440.4,98.0,117
USC00257830,SIDNEY 6 NNW,NE,41.2294,-103.0214,1316.7,91.0,96
USC00258090,SPRINGVIEW 2NW,NE,42.8389,-99.7781,727.9,90.0,95
USC00258133,STAPLETON 5W,NE,41.4581,-100.5986,921.1,92.0,37
USC00258328,SURPRISE,NE,41.1042,-97.3094,470.9,97.0,39
USC00258395,SYRACUSE,NE,40.6661,-96.1892,335.3,96.0,132
USC00258628,TRENTON DAM 1N,NE,40.1903,-101.0669,857.4,98.0,74
USC00258755,VALENTINE NWR,NE,42.5703,-100.6933,896.1,89.0,75
USC00258795,VALLEY NWS,NE,41.3197,-96.3672,349.0,95.0,32
USC00258915,WAKEFIELD,NE,42.2619,-96.8636,429.2,96.0,126
USC00258920,WALLACE 2W,NE,40.8433,-101.2094,961.0,94.0,63
USC00259200,W PT,NE,41.845,-96.7142,399.3,95.0,132
USC00260438,ARTHUR 4NW,NV,40.7808,-115.1853,1905.0,78.0,61
USC00260507,AUSTIN #2,NV,39.4931,-117.0675,2066.5,81.0,128
USC00260800,BEOWAWE 49S - U OF N RCH,NV,39.9003,-116.5875,1749.6,85.0,51
USC00262708,EUREKA,NV,39.5169,-115.9622,1959.9,82.0,108
USC00262780,FALLON EXP STN,NV,39.4572,-118.7811,1208.5,89.0,122
USC00263114,GIBBS RCH - JARBIDGE 24SE,NV,41.5697,-115.2111,1816.6,77.0,71
USC00263340,GREAT BASIN NP,NV,39.0056,-114.2206,2087.9,81.0,88
USC00263512,HAWTHORNE,NV,38.5156,-118.6208,1341.1,88.0,38
USC00263671,HIKO,NV,37.5581,-115.2236,1188.7,93.0,37
USC00264016,JACKPOT,NV,41.9828,-114.6586,1595.0,82.0,37
USC00264095,JIGGS 2NE,NV,40.4447,-115.6581,1719.7,83.0,42
USC00264341,LAGES,NV,40.0633,-114.6147,1816.6,84.0,42
USC00264439,LAS VEGAS WFO,NV,36.0469,-115.1847,693.4,97.0,30
USC00264480,LAUGHLIN,NV,35.1692,-114.5806,184.4,106.0,38
USC00264527,LEONARD CREEK RCH - DENIO 33S,NV,41.5167,-118.7192,1292.0,81.0,69
USC00264698,LOVELOCK,NV,40.17,-118.4775,1211.0,86.0,109
USC00264935,MCDERMITT,NV,41.9953,-117.72,1350.3,84.0,60
USC00264950,MCGILL,NV,39.4136,-114.7733,1911.1,84.0,117
USC00265400,MT CHARLESTON FIRE STN,NV,36.26,-115.645,2273.8,78.0,48
USC00265818,OROVADA 3 W,NV,41.5683,-117.8389,1280.2,85.0,114
USC00265846,OVERTON,NV,36.5508,-114.4581,381.0,100.0,62
USC00266242,PINE VALLEY - CARLIN 20S,NV,40.4369,-116.1189,1577.6,85.0,37
USC00266746,REESE RIVER IONE 13NE,NV,39.0633,-117.4131,1954.7,83.0,45
USC00266791,RENO WFO,NV,39.5683,-119.7956,1520.0,85.0,30
USC00267192,RYE PATCH DAM,NV,40.4661,-118.3047,1260.3,90.0,89
USC00267463,SILVERPEAK,NV,37.7617,-117.5658,1302.7,89.0,57
USC00267612,SMITH 6 N,NV,38.8822,-119.3511,1524.0,87.0,49
USC00267620,SMOKY VALLEY - CARVERS,NV,38.7839,-117.1739,1721.2,85.0,76
USC00267690,S FK STATE REC AREA,NV,40.6764,-115.745,1606.3,82.0,33
USC00267750,SPRING VALLEY SP,NV,38.0406,-114.18,1813.6,84.0,51
USC00267908,SUNNYSIDE - LUND 31S,NV,38.4231,-115.0225,1614.5,87.0,65
USC00267953,SUTCLIFFE,NV,39.9508,-119.5986,1188.7,82.0,55
USC00268160,TONOPAH,NV,38.0694,-117.2355,1831.8,82.0,45
USC00268761,VIRGINIA CITY,NV,39.3128,-119.6483,1932.4,79.0,74
USC00268822,WABUSKA 6 SE,NV,39.0747,-119.1189,1310.6,89.0,51
USC00269072,WILD HORSE RSVR,NV,41.6358,-115.8008,1901.6,76.0,40
USC00290225,ALBUQUERQUE FOOTHILLS NE,NM,35.1317,-106.4953,1827.0,89.0,33
USC00290245,ALCALDE,NM,36.0908,-106.0567,1731.3,83.0,73
USC00290426,ANTELOPE WELLS,NM,31.3347,-108.53,1419.8,95.0,36
USC00290600,ARTESIA 6S,NM,32.7547,-104.3836,1026.0,100.0,118
USC00290640,AUGUSTINE 2E,NM,34.075,-107.6211,2133.6,84.0,95
USC00290692,AZTEC RUINS NM,NM,36.835,-108.0006,1720.3,89.0,112
USC00290983,BINGHAM 2 NE,NM,33.9114,-106.3494,1691.9,91.0,78
USC00291138,BOSQUE DEL APACHE,NM,33.8044,-106.8908,1375.3,97.0,131
USC00291153,BRANTLEY DAM,NM,32.5158,-104.3828,979.3,99.0,34
USC00291286,CABALLO DAM,NM,32.8964,-107.3078,1292.0,94.0,90
USC00291450,CAPULIN,NM,36.7386,-103.9936,2084.8,84.0,30
USC00291664,CHAMA,NM,36.9178,-106.5781,2392.7,78.0,125
USC00291910,CLIFF 11 SE,NM,32.8339,-108.5047,1454.8,90.0,78
USC00291931,CLOUDCROFT,NM,32.9544,-105.7353,2645.4,75.0,39
USC00291963,CLOVIS 13 N,NM,34.5989,-103.2161,1351.8,95.0,76
USC00291982,COCHITI DAM,NM,35.6414,-106.3322,1694.7,94.0,50
USC00292241,CUBA,NM,35.995,-106.9703,2105.6,86.0,78
USC00292250,CUBERO,NM,35.0883,-107.5178,1888.2,91.0,50
USC00292700,EAGLE NEST,NM,36.5575,-105.2628,2523.7,81.0,89
USC00292785,EL MORRO NATL MON,NM,35.0381,-108.3492,2201.6,84.0,89
USC00292848,ELEPHANT BUTTE DAM,NM,33.1461,-107.1842,1393.2,94.0,118
USC00292865,ELK,NM,32.9161,-105.3381,1808.7,91.0,92
USC00293142,FARMINGTON AG SCI CNT,NM,36.6897,-108.3086,1714.5,91.0,47
USC00293265,FT BAYARD,NM,32.7939,-108.1514,1859.0,91.0,115
USC00293530,GILA HOT SPRINGS,NM,33.1975,-108.2075,1717.9,93.0,65
USC00293649,GRAN QUIVIRA NATL MON,NM,34.2594,-106.0931,2011.7,88.0,90
USC00294009,HILLSBORO,NM,32.9203,-107.5656,1605.4,94.0,86
USC00294112,HOPE,NM,32.8094,-104.7378,1245.1,97.0,77
USC00294366,JEMEZ DAM,NM,35.3886,-106.5439,1642.3,90.0,33
USC00294369,JEMEZ SPRINGS,NM,35.7783,-106.6872,1908.7,87.0,114
USC00294426,JORNADA EXP RANGE,NM,32.6161,-106.7403,1316.1,95.0,110
USC00294742,LAKE MALOYA,NM,36.9825,-104.3753,2255.5,82.0,82
USC00294862,LAS VEGAS WWTP,NM,35.5678,-105.2131,1935.2,88.0,33
USC00295084,LOS ALAMOS,NM,35.8644,-106.3214,2262.8,83.0,101
USC00295150,LOS LUNAS 3 SSW,NM,34.7675,-106.7611,1475.2,93.0,69
USC00295960,MTN PARK,NM,32.9539,-105.8225,2073.9,82.0,106
USC00295965,MOUNTAINAIR,NM,34.5208,-106.2606,1987.3,86.0,117
USC00296061,NAVAJO DAM,NM,36.8047,-107.6214,1758.7,86.0,63
USC00296275,OCATE 2 NW,NM,36.1839,-105.0608,2333.2,84.0,63
USC00296676,PECOS NM,NM,35.5489,-105.6886,2096.4,86.0,88
USC00296687,PEDERNAL 9 E,NM,34.6153,-105.4739,1874.5,89.0,70
USC00296754,PETROGLYPH NATL MON,NM,35.1392,-106.7108,1560.9,91.0,32
USC00297008,PORTALES,NM,34.1742,-103.3519,1222.2,98.0,113
USC00297180,QUEMADO,NM,34.3447,-108.4922,2096.4,87.0,90
USC00297226,RAGLAND 3 SSW,NM,34.78,-103.7492,1542.3,95.0,67
USC00297279,RATON FLTR PLT,NM,36.9194,-104.4325,2112.9,84.0,72
USC00297280,RATON KRTN RADIO,NM,36.8864,-104.4428,2023.9,87.0,46
USC00297340,REDROCK 1 NNE,NM,32.7047,-108.7281,1236.3,96.0,69
USC00298085,SANTA FE 2,NM,35.6194,-105.9753,2059.2,86.0,54
USC00298535,STATE UNIV,NM,32.2822,-106.7597,1184.5,96.0,135
USC00298596,SUMNER LAKE,NM,34.6033,-104.3811,1312.5,98.0,78
USC00299031,TORREON NAVAJO MISSION,NM,35.7992,-107.1814,2042.2,87.0,66
USC00299156,TUCUMCARI 4 NE,NM,35.2006,-103.6867,1245.4,101.0,122
USC00299686,WHITE SANDS NATL MON,NM,32.7822,-106.1758,1221.0,96.0,86
USC00299691,WHITE SIGNAL,NM,32.5617,-108.3611,1826.1,89.0,64
USC00299820,WOLF CANYON,NM,35.9478,-106.7469,2505.5,77.0,113
USC00299851,YESO 2 S,NM,34.4031,-104.6128,1478.3,96.0,65
USC00307742,SHRUB OAK,NY,41.3325,-73.8369,140.8,81.0,34
USC00312732,ELIZABETHTOWN,NC,34.6272,-78.6114,36.6,91.0,65
USC00313625,GREENSBORO WTP,NC,36.0831,-79.8045,233.2,86.0,59
USC00314689,KINSTON AG RSCH,NC,35.2975,-77.5722,18.3,89.0,60
USC00314996,LINCOLNTON 4 W,NC,35.4606,-81.3297,270.4,86.0,74
USC00315116,LONGWOOD,NC,34.0106,-78.5464,12.2,88.0,54
USC00316510,OXFORD AG,NC,36.3039,-78.6108,152.4,87.0,33
USC00317202,REIDSVILLE 2 NW,NC,36.3797,-79.6944,271.3,88.0,64
USC00317319,ROANOKE RAPIDS,NC,36.4789,-77.6714,64.0,88.0,55
USC00317400,ROCKY MT 8 ESE,NC,35.8936,-77.6805,33.5,89.0,53
USC00317516,ROXBORO 7 ESE,NC,36.3464,-78.8858,216.4,90.0,82
USC00318519,TAYLORSVILLE,NC,35.9225,-81.1717,402.3,87.0,33
USC00318694,TRANSOU,NC,36.4003,-81.3053,863.8,79.0,80
USC00319555,W KERR SCOTT RESV,NC,36.1308,-81.2275,326.1,90.0,61
USC00331404,CENTERBURG 2 SE,OH,40.2914,-82.6547,367.3,85.0,74
USC00332485,EATON,OH,39.7328,-84.6353,305.4,85.0,71
USC00332651,FAIRFIELD,OH,39.3478,-84.5897,175.3,89.0,113
USC00332928,FRANKLIN,OH,39.5536,-84.3189,207.0,86.0,70
USC00333029,GALLIPOLIS,OH,38.8208,-82.1817,176.2,88.0,93
USC00333375,GREENVILLE WTP,OH,40.1033,-84.6503,313.9,85.0,132
USC00333500,HANNIBAL LOCKS & DAM,OH,39.6667,-80.8667,189.0,85.0,51
USC00333758,HILLSBORO,OH,39.2333,-83.6092,290.5,86.0,133
USC00334004,JACKSON 3 NW,OH,39.0792,-82.7064,257.6,88.0,108
USC00334403,LANCASTER,OH,39.7156,-82.6072,252.1,86.0,30
USC00334672,LOGAN,OH,39.5325,-82.3939,220.1,89.0,31
USC00334681,LONDON FISH HATCHERY,OH,39.8972,-83.5097,341.4,85.0,99
USC00334927,MARIETTA WWTP,OH,39.4086,-81.4328,185.9,86.0,64
USC00334979,MARYSVILLE,OH,40.1939,-83.2675,295.7,85.0,109
USC00335747,NEWARK WTR WKS,OH,40.0875,-82.4128,254.5,85.0,92
USC00335857,NEW LEXINGTON 2 NW,OH,39.7331,-82.2156,267.3,87.0,85
USC00337857,S PT,OH,38.4239,-82.5931,168.6,89.0,36
USC00337935,SPRINGFIELD WTP,OH,39.9736,-83.8072,289.9,86.0,56
USC00338951,WESTERVILLE,OH,40.1267,-82.9442,244.4,85.0,78
USC00339361,XENIA 6 SSE,OH,39.6042,-83.9072,303.9,85.0,106
USC00340567,BATTIEST,OK,34.385,-94.8981,250.5,90.0,41
USC00340755,BILLINGS,OK,36.5297,-97.4472,304.8,99.0,65
USC00341750,CHICKASHA EXP STATION,OK,35.0489,-97.9158,330.7,99.0,58
USC00342849,ELK CITY 4 W,OK,35.3925,-99.5064,646.2,100.0,94
USC00343489,GATE,OK,36.85,-100.0569,685.8,104.0,66
USC00343628,GOODWELL RSCH STN,OK,36.5914,-101.6181,999.1,102.0,106
USC00344298,HOOKER,OK,36.8594,-101.2214,914.7,102.0,103
USC00347390,RALSTON,OK,36.5044,-96.7439,251.5,98.0,67
USC00348380,SPAVINAW,OK,36.3894,-95.0597,208.8,93.0,100
USC00349364,WATONGA,OK,35.8578,-98.4139,466.3,100.0,72
USC00349404,WAYNOKA,OK,36.5758,-98.8797,459.6,99.0,87
USC00349724,WISTER 3S,OK,34.9417,-94.7039,160.0,91.0,54
USC00350118,ALKALI LAKE,OR,42.9694,-119.9933,1320.4,81.0,62
USC00350699,BEND 7 NE,OR,44.1183,-121.2103,1023.5,79.0,34
USC00352292,DETROIT DAM,OR,44.7242,-122.2547,371.9,76.0,72
USC00353445,GRANTS PASS,OR,42.4239,-123.3219,284.1,87.0,134
USC00353604,HALFWAY,OR,44.8772,-117.1094,808.6,80.0,89
USC00353692,HART MTN REFUGE,OR,42.5486,-119.6558,1712.4,78.0,85
USC00354622,LA GRANDE,OR,45.3167,-118.0747,839.7,80.0,61
USC00355055,LOST CREEK DAM,OR,42.6722,-122.675,481.6,85.0,56
USC00356252,ODELL LAKE-EAST,OR,43.5492,-121.9639,1463.0,69.0,44
USC00356405,OWYHEE DAM,OR,43.65,-117.2467,731.5,83.0,92
USC00357169,RIDDLE,OR,42.9508,-123.3572,207.3,86.0,112
USC00357310,ROME 2 NW,OR,42.8592,-117.6569,1037.8,86.0,71
USC00358029,SQUAW BUTTE-NORTHERN GREAT BAS,OR,43.4869,-119.7211,1420.4,76.0,90
USC00358173,SUMMER LAKE 1 S,OR,42.9592,-120.7897,1277.7,81.0,70
USC00358997,WALLOWA,OR,45.5722,-117.5314,890.9,79.0,120
USC00362183,DONEGAL 2 NW,PA,40.1275,-79.4058,548.6,82.0,72
USC00363451,GRAYS LANDING,PA,39.7833,-79.9167,243.8,86.0,30
USC00365212,LOYALHANNA LAKE,PA,40.4586,-79.4503,301.8,84.0,37
USC00369367,WAYNESBURG 1 E,PA,39.8986,-80.1656,286.5,86.0,64
USC00381256,CAESARS HEAD,SC,35.1072,-82.6256,975.4,81.0,58
USC00383990,HARTSVILLE,SC,34.395,-80.0486,56.4,91.0,40
USC00389469,YEMASSEE 1 N,SC,32.7019,-80.8517,13.4,92.0,126
USC00390565,BELLE FOURCHE 22 NNW,SD,44.9906,-103.9339,975.4,82.0,43
USC00391032,BRIDGEWATER,SD,43.5525,-97.5017,431.9,88.0,75
USC00391294,CAMP CROOK,SD,45.5489,-103.9744,951.0,84.0,131
USC00391392,CANTON,SD,43.3111,-96.5878,401.1,90.0,123
USC00391579,CENTERVILLE 6 SE,SD,43.0428,-96.9033,388.9,93.0,118
USC00392087,CUSTER,SD,43.7744,-103.6119,1670.3,77.0,83
USC00392557,EDGEMONT,SD,43.3136,-103.8214,1046.1,92.0,48
USC00392647,ELM SPRINGS 3 ESE,SD,44.3186,-102.4683,806.2,84.0,44
USC00393069,FT MEADE,SD,44.4106,-103.4769,1008.3,87.0,93
USC00393868,HILL CITY,SD,43.9342,-103.5572,1507.5,82.0,40
USC00394007,HOT SPRINGS,SD,43.4378,-103.4739,1085.1,87.0,121
USC00394184,INTERIOR 3 NE,SD,43.7483,-101.9414,743.7,85.0,71
USC00394630,KYLE 2 E,SD,43.4403,-102.1431,901.6,89.0,31
USC00394766,LAKE SHARPE PRJ,SD,44.0644,-99.4603,445.3,87.0,58
USC00395638,MISSION 14 S,SD,43.1122,-100.6111,856.5,86.0,73
USC00395870,MT RUSHMORE NMEM,SD,43.8769,-103.4578,1618.8,80.0,65
USC00396054,NEWELL,SD,44.7136,-103.4258,871.7,83.0,106
USC00396212,OELRICHS,SD,43.1878,-103.2372,1020.5,91.0,132
USC00396304,ORAL,SD,43.4033,-103.2683,902.2,91.0,55
USC00396427,PACTOLA DAM,SD,44.0622,-103.4819,1438.7,79.0,69
USC00396636,PLAINVIEW 6 SSW,SD,44.5169,-102.2153,724.5,85.0,46
USC00396947,RAPID CITY 4NW,SD,44.1206,-103.2842,1060.4,83.0,54
USC00396948,RAPID CITY WFO,SD,44.0728,-103.2108,1029.9,85.0,31
USC00398622,VERMILLION 2 SE,SD,42.7625,-96.9194,346.6,95.0,130
USC00399347,WIND CAVE,SD,43.5561,-103.4794,1266.4,84.0,36
USC00400284,ATHENS,TN,35.4322,-84.5833,286.5,85.0,65
USC00401663,CHEATHAM L&D,TN,36.3211,-87.2217,119.5,90.0,71
USC00401950,COLLIERVILLE,TN,35.0781,-89.6653,91.4,87.0,30
USC00401957,COLUMBIA 3 WNW,TN,35.6381,-87.0864,198.1,87.0,76
USC00402360,DAYTON 2SE,TN,35.4722,-84.9958,250.5,85.0,67
USC00402806,ELIZABETHTON,TN,36.3539,-82.2486,453.2,84.0,60
USC00403074,FAYETTEVILLE WTP,TN,35.1342,-86.5419,226.2,86.0,67
USC00404417,HUNTINGDON WTP,TN,36.0028,-88.4253,134.1,88.0,63
USC00404876,KINGSTON SPRINGS,TN,36.1033,-87.1153,157.6,90.0,64
USC00405089,LAWRENCEBURG FILT PLT,TN,35.2436,-87.3508,265.2,85.0,70
USC00405210,LEXINGTON,TN,35.6503,-88.3903,164.6,87.0,55
USC00406162,MONTEAGLE,TN,35.2242,-85.8414,563.9,82.0,85
USC00406170,MONTEREY,TN,36.1483,-85.265,566.9,84.0,43
USC00406271,MORRISTOWN RADIO WCRK,TN,36.2067,-83.3325,409.7,84.0,44
USC00406340,MT PLEASANT 1N,TN,35.5572,-87.2019,237.1,87.0,68
USC00406806,OLD HICKORY WFO,TN,36.2469,-86.5631,179.8,89.0,36
USC00407184,PIKEVILLE,TN,35.5983,-85.1939,263.3,87.0,63
USC00407359,PORTLAND SEWAGE PLT,TN,36.5878,-86.5258,242.0,88.0,69
USC00408108,SAVANNAH 6 SW,TN,35.1525,-88.3214,128.0,90.0,129
USC00408160,SELMER,TN,35.1647,-88.5994,143.3,89.0,68
USC00408246,SHELBYVILLE WATER DEPT,TN,35.4922,-86.4775,231.6,85.0,74
USC00408562,SPRINGFIELD EXP STN,TN,36.4711,-86.8414,227.1,88.0,85
USC00409800,WINCHESTER 5SE,TN,35.1614,-86.0314,286.8,86.0,40
USC00410012,ABERNATHY,TX,33.8339,-101.8436,1026.6,100.0,31
USC00410268,ANSON,TX,32.7667,-99.89,523.3,102.0,65
USC00410394,ASPERMONT,TX,33.1525,-100.2333,509.0,103.0,65
USC00411000,BOYS RCH,TX,35.5303,-102.2564,972.6,100.0,48
USC00411033,BRAVO,TX,35.62,-103.0072,1268.0,97.0,61
USC00411128,BROWNFIELD #2,TX,33.1908,-102.2681,1005.8,100.0,72
USC00411430,CANYON,TX,34.9806,-101.9264,1094.2,100.0,77
USC00411974,COPE RCH,TX,31.5333,-101.2842,755.9,105.0,61
USC00412082,CRANE,TX,31.4072,-102.3578,778.5,100.0,62
USC00412121,CROSBYTON,TX,33.6517,-101.245,917.4,99.0,133
USC00412408,DENVER CITY,TX,32.9619,-102.8219,1094.2,103.0,36
USC00412464,DIMMITT 2 N,TX,34.5858,-102.312,1173.5,98.0,63
USC00413214,FLOYDADA,TX,33.985,-101.3339,981.5,97.0,81
USC00413225,FOLLETT,TX,36.4328,-100.1369,844.3,101.0,86
USC00413262,FT DAVIS,TX,30.5997,-103.8869,1482.5,94.0,49
USC00413266,FT HANCOCK 8SSE,TX,31.1847,-105.7411,1064.7,98.0,57
USC00413285,FT WORTH WSFO,TX,32.8342,-97.2981,196.3,94.0,33
USC00413368,FRIONA,TX,34.64,-102.7231,1222.2,99.0,64
USC00413411,GAIL,TX,32.7744,-101.4539,771.1,101.0,66
USC00413420,GAINESVILLE 5 ENE,TX,33.6461,-97.0592,265.2,93.0,39
USC00413787,GRUVER,TX,36.2631,-101.405,966.2,103.0,64
USC00413828,GUTHRIE,TX,33.6267,-100.3369,536.4,104.0,60
USC00413972,HART,TX,34.3697,-102.1175,1116.5,96.0,40
USC00414098,HEREFORD,TX,34.8172,-102.4003,1164.3,99.0,93
USC00414278,HORDS CREEK DAM,TX,31.8456,-99.5606,594.1,99.0,69
USC00414570,JAYTON,TX,33.2542,-100.5731,612.6,104.0,64
USC00414577,JEFFERSON,TX,32.7692,-94.3592,64.3,90.0,41
USC00414770,KENT 8SE,TX,31.0158,-104.1108,1402.7,95.0,37
USC00414950,LAJITAS,TX,29.2694,-103.7575,732.4,104.0,47
USC00414967,LAKE ALAN HENRY,TX,33.0642,-101.0489,694.9,103.0,32
USC00414982,LAKE KEMP,TX,33.7542,-99.1442,355.7,101.0,57
USC00415183,LEVELLAND,TX,33.55,-102.3758,1071.1,99.0,85
USC00415265,LITTLEFIELD,TX,33.8692,-102.2592,1056.4,98.0,60
USC00415650,MASON,TX,30.7478,-99.2306,466.6,99.0,68
USC00415658,MATADOR,TX,34.025,-100.8117,719.3,101.0,79
USC00415707,MCCAMEY,TX,31.1331,-102.2217,750.1,100.0,94
USC00415821,MEMPHIS,TX,34.7261,-100.5372,637.0,102.0,113
USC00416074,MORTON,TX,33.7186,-102.7586,1147.9,100.0,62
USC00416104,MT LOCKE,TX,30.7053,-104.0233,2069.6,94.0,92
USC00416108,MT PLEASANT,TX,33.1689,-95.0056,129.5,94.0,110
USC00416135,MULESHOE #1,TX,34.2192,-102.7328,1167.4,100.0,98
USC00416137,MULESHOE NTL WR,TX,33.9544,-102.7783,1140.0,99.0,47
USC00416177,NACOGDOCHES,TX,31.6164,-94.6431,132.6,91.0,51
USC00416644,OLTON,TX,34.1797,-102.1356,1109.5,98.0,63
USC00416740,PADUCAH,TX,34.0067,-100.2989,579.1,103.0,66
USC00416742,PADUCAH 15 S,TX,33.8083,-100.2981,558.4,102.0,31
USC00416776,PAMPA #2,TX,35.5544,-100.9736,960.1,101.0,61
USC00416792,PANTHER JUNCTION,TX,29.3272,-103.2061,1140.0,96.0,71
USC00417074,PLAINS,TX,33.1869,-102.8281,1120.1,99.0,76
USC00417079,PLAINVIEW,TX,34.1892,-101.7022,1027.2,98.0,117
USC00417206,POST,TX,33.1986,-101.3744,795.8,101.0,64
USC00417327,PUTNAM,TX,32.3664,-99.1925,494.1,99.0,63
USC00417588,RICHARDSON,TX,32.9964,-96.7428,206.7,92.0,30
USC00417743,ROSCOE,TX,32.4481,-100.5264,725.4,101.0,89
USC00418040,SANFORD DAM,TX,35.7047,-101.5492,894.9,105.0,33
USC00418323,SILVERTON,TX,34.4722,-101.3006,999.7,98.0,65
USC00418433,SNYDER,TX,32.71,-100.9111,706.8,105.0,113
USC00418566,SPUR,TX,33.4792,-100.8761,700.1,102.0,90
USC00418583,STAMFORD 1,TX,32.9403,-99.8036,491.3,101.0,51
USC00418818,TAHOKA,TX,33.1714,-101.7981,951.0,99.0,94
USC00418942,TEXARKANA,TX,33.4367,-94.0772,118.9,89.0,58
USC00419088,TORNILLO 2 SSE,TX,31.4028,-106.0581,1074.4,97.0,43
USC00419163,TRUSCOTT 3 W,TX,33.7569,-99.8619,478.8,103.0,62
USC00419175,TULIA,TX,34.5475,-101.7614,1060.7,100.0,78
USC00419191,TURKEY,TX,34.3956,-100.8972,710.2,101.0,60
USC00419499,WATER VALLEY,TX,31.6725,-100.7283,644.7,100.0,61
USC00419916,WRIGHT PATMAN DM & LK,TX,33.3039,-94.1583,86.0,90.0,56
USC00420061,ALPINE,UT,40.4644,-111.7708,1554.5,86.0,49
USC00420072,ALTA,UT,40.5906,-111.6369,2654.8,67.0,79
USC00420074,ALTAMONT,UT,40.3669,-110.2986,1967.8,82.0,74
USC00420086,ALTON,UT,37.4403,-112.4819,2163.5,81.0,110
USC00420168,ANGLE,UT,38.2486,-111.9608,1953.8,87.0,43
USC00420336,ARCHES NP HQS,UT,38.6164,-109.6192,1247.5,93.0,46
USC00420730,BLACK ROCK,UT,38.7075,-112.9539,1498.4,91.0,101
USC00420788,BLUFF,UT,37.2825,-109.5575,1316.4,88.0,113
USC00420819,BOUNTIFUL BENCH,UT,40.8911,-111.8503,1508.8,81.0,52
USC00420849,BOULDER,UT,37.905,-111.42,2026.9,82.0,72
USC00420928,BRIGHAM CITY WASTE PLT,UT,41.5242,-112.0436,1292.4,80.0,52
USC00421008,BRYCE CANYON NP HQRS,UT,37.6411,-112.1703,2404.9,75.0,66
USC00421020,BULLFROG BASIN,UT,37.5269,-110.7167,1164.9,91.0,54
USC00421144,CALLAO,UT,39.8997,-113.7128,1323.4,91.0,65
USC00421163,CANYONLANDS-THE NECK,UT,38.46,-109.8214,1789.5,86.0,61
USC00421168,CANYONLANDS-THE NEEDLES,UT,38.1678,-109.7597,1495.3,88.0,61
USC00421171,CAPITOL REEF NP,UT,38.2914,-111.2622,1676.4,89.0,87
USC00421214,CASTLE DALE,UT,39.2078,-111.0128,1715.7,88.0,112
USC00421260,CEDAR CITY 5E,UT,37.6564,-112.9917,1970.5,83.0,44
USC00421759,COTTONWOOD WEIR,UT,40.6189,-111.7836,1519.7,84.0,83
USC00421918,CUTLER DAM,UT,41.8331,-112.0578,1307.6,81.0,44
USC00422057,DEER CREEK DAM,UT,40.4044,-111.5289,1606.3,81.0,87
USC00422101,DESERET,UT,39.2872,-112.6519,1399.0,92.0,131
USC00422173,DINOSAUR NM-QUARRY AREA,UT,40.4383,-109.3069,1463.6,89.0,73
USC00422253,DUCHESNE,UT,40.1703,-110.3978,1691.9,87.0,113
USC00422385,ECHO DAM,UT,40.9656,-111.4336,1667.3,81.0,83
USC00422578,EPHRAIM,UT,39.3583,-111.5992,1675.8,88.0,77
USC00422592,ESCALANTE,UT,37.7686,-111.5978,1770.9,87.0,113
USC00422607,ESKDALE,UT,39.1078,-113.9533,1517.9,89.0,60
USC00422696,FAIRFIELD,UT,40.2622,-112.0897,1487.4,87.0,69
USC00422798,FERRON,UT,39.0875,-111.1325,1805.3,86.0,78
USC00422828,FILLMORE,UT,38.9603,-112.3239,1562.7,87.0,134
USC00422864,FLAMING GORGE,UT,40.9317,-109.4117,1903.2,82.0,69
USC00423012,FREMONT INDIAN SP,UT,38.5778,-112.3347,1804.4,86.0,38
USC00423600,HANS FLAT RS,UT,38.2553,-110.18,2011.7,81.0,45
USC00424100,HOVENWEEP NM,UT,37.3858,-109.075,1597.2,89.0,69
USC00424174,IBAPAH,UT,40.0378,-113.9886,1609.0,90.0,108
USC00424342,JENSEN,UT,40.3611,-109.3464,1443.5,88.0,87
USC00424467,KAMAS,UT,40.6439,-111.2822,1975.4,78.0,71
USC00424508,KANAB,UT,37.0286,-112.5361,1493.5,91.0,116
USC00424755,KODACHROME BASIN PARK,UT,37.5142,-111.9883,1769.4,86.0,47
USC00424856,LAKETOWN,UT,41.8253,-111.3206,1822.7,75.0,126
USC00424947,LA SAL 1SW,UT,38.3014,-109.2664,2068.7,82.0,48
USC00424968,LA VERKIN,UT,37.2008,-113.2686,973.5,94.0,75
USC00425065,LEVAN,UT,39.5608,-111.8653,1614.8,87.0,128
USC00425138,LITTLE SAHARA REC AREA,UT,39.7267,-112.3069,1594.1,87.0,46
USC00425148,LOA,UT,38.4058,-111.6433,2154.9,85.0,110
USC00425182,LOGAN RADIO KVNU,UT,41.735,-111.8564,1364.0,81.0,70
USC00425186,LOGAN UTAH ST UNIV,UT,41.7456,-111.8033,1460.0,77.0,134
USC00425194,LOGAN 5 SW EXP FARM,UT,41.6661,-111.8914,1367.9,79.0,57
USC00425377,MANILA,UT,40.99,-109.7258,1948.6,83.0,89
USC00425402,MANTI,UT,39.2583,-111.6308,1749.6,86.0,132
USC00425837,MORONI,UT,39.5267,-111.5872,1700.8,85.0,112
USC00425892,MTN DELL DAM,UT,40.7486,-111.7233,1652.0,83.0,82
USC00426053,NATURAL BRIDGES NM,UT,37.6094,-109.9772,1983.6,82.0,60
USC00426123,NEOLA,UT,40.4178,-110.0511,1813.6,84.0,68
USC00426135,NEPHI,UT,39.7119,-111.8319,1568.5,88.0,83
USC00426181,NEW HARMONY,UT,37.4636,-113.2897,1574.9,86.0,73
USC00426357,OAK CITY,UT,39.3833,-112.3,1553.0,88.0,118
USC00426601,PANGUITCH,UT,37.8156,-112.4389,2026.0,83.0,107
USC00426708,PARTOUN,UT,39.6308,-113.8858,1456.9,91.0,78
USC00426869,PINEVIEW DAM,UT,41.2578,-111.8378,1505.7,80.0,85
USC00426919,PLEASANT GROVE,UT,40.3678,-111.7333,1430.1,88.0,76
USC00427064,PROVO BYU,UT,40.2458,-111.6508,1392.9,89.0,60
USC00427165,RANDOLPH,UT,41.6608,-111.1869,1917.2,76.0,43
USC00427260,RICHFIELD RADIO KSVC,UT,38.7617,-112.0778,1610.9,89.0,125
USC00427271,RICHMOND,UT,41.9064,-111.81,1426.5,79.0,77
USC00427408,ROSETTE,UT,41.8186,-113.4133,1732.8,77.0,36
USC00427516,ST GEORGE,UT,37.1189,-113.6067,870.8,97.0,130
USC00427559,SALINA 24 E,UT,38.9128,-111.4164,2304.3,78.0,40
USC00427686,SANTAQUIN CHLORINATOR,UT,39.9578,-111.7794,1572.8,86.0,112
USC00427714,SCIPIO,UT,39.2453,-112.1067,1619.7,86.0,125
USC00427724,SCOFIELD DAM,UT,39.7858,-111.1189,2325.6,73.0,55
USC00427729,SCOFIELD-SKYLINE MINE,UT,39.6842,-111.2056,2650.8,68.0,42
USC00427846,SILVER LAKE BRIGHTON,UT,40.6008,-111.5842,2664.0,66.0,89
USC00427909,SNAKE CREEK POWERHOUSE,UT,40.5453,-111.5042,1831.8,76.0,107
USC00428119,SPANISH FK PWR HOUSE,UT,40.08,-111.6047,1438.7,87.0,117
USC00428771,TOOELE,UT,40.5353,-112.3217,1506.9,82.0,130
USC00428828,TRENTON,UT,41.9153,-111.9128,1357.9,81.0,50
USC00428973,UTAH LAKE LEHI,UT,40.3603,-111.8972,1373.1,86.0,100
USC00428978,UTAH TEST RANGE,UT,41.0497,-112.9367,1353.3,83.0,34
USC00429111,VERNAL,UT,40.4403,-109.5356,1629.2,84.0,125
USC00429133,VERNON,UT,40.0958,-112.4358,1667.6,84.0,59
USC00429165,WANSHIP DAM,UT,40.7908,-111.4078,1810.5,80.0,71
USC00429595,WOODRUFF,UT,41.525,-111.1494,1924.8,76.0,118
USC00429717,ZION NP,UT,37.2092,-112.9814,1230.8,95.0,120
USC00441614,CHATHAM,VA,36.8219,-79.4103,197.2,88.0,103
USC00442142,CROZIER,VA,37.6664,-77.8769,106.7,89.0,50
USC00443229,FRONT ROYAL,VA,38.9039,-78.1822,283.5,88.0,31
USC00446491,PALMYRA 3S,VA,37.8142,-78.2644,125.0,89.0,31
USC00446712,PIEDMONT RSCH STN,VA,38.2322,-78.1203,158.5,89.0,80
USC00447904,SOMERSET,VA,38.2456,-78.2703,155.4,87.0,31
USC00447925,S BOSTON,VA,36.6953,-78.8808,100.3,90.0,48
USC00448800,WAKEFIELD 1NW,VA,36.9839,-77.0078,34.4,89.0,44
USC00449215,WISE 1SE,VA,36.9725,-82.5578,781.5,81.0,71
USC00460509,BARTOW 1S,WV,38.5311,-79.7714,922.0,81.0,44
USC00461579,CHARLESTON WFO,WV,38.3133,-81.7186,279.8,90.0,30
USC00462522,DUNLOW 1 SW,WV,37.9494,-82.4047,339.2,87.0,54
USC00465353,LOGAN,WV,37.8664,-81.9844,204.8,91.0,99
USC00465563,MADISON 3NNW,WV,38.1025,-81.8464,210.0,90.0,103
USC00465963,MIDDLEBOURNE 3 ESE,WV,39.47,-80.8569,237.4,88.0,85
USC00466248,MOUNDSVILLE,WV,39.9056,-80.755,189.0,87.0,58
USC00467552,RIPLEY,WV,38.8172,-81.7117,185.3,90.0,81
USC00469683,WINFIELD LOCKS,WV,38.5278,-81.9153,189.3,88.0,86
USC00480027,AFTON,WY,42.7331,-110.9217,1904.4,73.0,67
USC00480140,ALTA 1 NNW,WY,43.7728,-111.0339,1962.9,69.0,110
USC00480484,BAGGS,WY,41.0383,-107.6578,1926.0,80.0,46
USC00480540,BASIN,WY,44.3797,-108.035,1170.4,86.0,117
USC00480552,BATES CREEK #2,WY,42.6233,-106.3567,1841.6,78.0,56
USC00480761,BITTER CREEK 4 NE,WY,41.5897,-108.5094,2048.9,80.0,62
USC00480778,BLACK MTN,WY,43.6561,-107.7375,1717.5,77.0,62
USC00480865,BONDURANT,WY,43.2094,-110.4033,2040.0,70.0,76
USC00480951,BOULDER REARING STN,WY,42.7156,-109.6894,2115.3,75.0,37
USC00481000,BOYSEN DAM,WY,43.4053,-108.1633,1485.9,83.0,78
USC00481175,BUFFALO BILL DAM,WY,44.5075,-109.1675,1572.8,81.0,117
USC00481220,BURGESS JUNCTION,WY,44.7742,-107.5217,2456.7,60.0,64
USC00481736,CHURCH BUTTES GAS PLT,WY,41.3975,-110.0883,2157.7,80.0,71
USC00481775,CLARK 3NE,WY,44.9364,-109.1372,1254.9,82.0,65
USC00481850,CODY 12SE,WY,44.4139,-108.9006,1599.6,79.0,62
USC00482242,DANIEL FISH HATCHERY,WY,42.9281,-110.1272,2237.5,68.0,37
USC00482415,DEAVER,WY,44.8919,-108.5928,1251.2,82.0,108
USC00482466,DEVILS TWR #2,WY,44.5833,-104.7147,1177.1,86.0,67
USC00482715,DUBOIS,WY,43.5397,-109.6553,2119.9,75.0,106
USC00483100,EVANSTON 1 E,WY,41.265,-110.9508,2080.3,75.0,128
USC00483170,FARSON 2NNE,WY,42.1397,-109.4308,2017.8,77.0,100
USC00483396,FONTENELLE DAM,WY,41.9861,-110.0611,1976.6,75.0,62
USC00483582,FOSSIL BUTTE,WY,41.8369,-110.7706,2068.1,74.0,35
USC00483855,GILLETTE 4SE,WY,44.2667,-105.4489,1414.3,82.0,117
USC00484065,GREEN RVR,WY,41.5167,-109.4703,1877.6,84.0,120
USC00484442,HECLA 1E,WY,41.15,-105.1667,2039.1,79.0,31
USC00484910,JACKSON,WY,43.4864,-110.7617,1892.8,71.0,109
USC00484925,JEFFREY CITY,WY,42.4942,-107.8292,1926.0,78.0,50
USC00485055,KAYCEE,WY,43.7144,-106.6378,1420.4,83.0,87
USC00485355,LAMAR RS,WY,44.8956,-110.2342,2004.1,66.0,71
USC00485506,LEITER 9N,WY,44.85,-106.2889,1268.0,84.0,60
USC00485525,LEO 6 SW,WY,42.1953,-106.8556,1839.5,82.0,50
USC00485770,LOVELL,WY,44.8378,-108.4039,1172.6,83.0,117
USC00486120,MEDICINE BOW,WY,41.8969,-106.2061,2022.3,79.0,63
USC00486440,MORAN 5WNW,WY,43.8567,-110.5889,2074.2,62.0,115
USC00486555,MTN VIEW,WY,41.2658,-110.3375,2072.6,78.0,56
USC00486660,NEWCASTLE,WY,43.8497,-104.1886,1345.7,85.0,116
USC00486852,OLD FT LARAMIE,WY,42.2058,-104.5561,1295.4,90.0,36
USC00487115,PAVILLION,WY,43.2458,-108.6942,1670.3,80.0,99
USC00487260,PINEDALE,WY,42.8744,-109.8581,2197.6,71.0,74
USC00487555,REDBIRD,WY,43.245,-104.2881,1185.7,91.0,78
USC00487760,RIVERTON,WY,43.0306,-108.3744,1510.3,84.0,112
USC00487810,ROCHELLE 7ENE,WY,43.645,-104.8414,1292.0,87.0,66
USC00488124,SHELL,WY,44.5353,-107.7775,1293.0,82.0,42
USC00488160,SHERIDAN FLD STN,WY,44.8406,-106.8383,1143.0,82.0,107
USC00488192,SHIRLEY BASIN,WY,42.3703,-106.105,2151.0,73.0,46
USC00488209,SHOSHONI,WY,43.2372,-108.1097,1474.3,82.0,36
USC00488315,SNAKE RVR,WY,44.1364,-110.6664,2097.6,65.0,103
USC00488808,SYBILLE RSCH UNIT,WY,41.7644,-105.375,1855.0,81.0,61
USC00488852,TENSLEEP 4NE,WY,44.0647,-107.3819,1447.2,81.0,61
USC00488858,TENSLEEP 16SSE,WY,43.8111,-107.3653,1426.5,81.0,67
USC00488875,THERMOPOLIS,WY,43.6483,-108.2036,1317.0,84.0,91
USC00488997,TORRINGTON 29N,WY,42.4881,-104.1564,1481.3,87.0,32
USC00489025,TOWER FALLS,WY,44.9167,-110.4203,1912.6,67.0,77
USC00489205,UPTON,WY,44.0928,-104.6114,1316.7,86.0,87
USC00489459,WAMSUTTER,WY,41.6717,-107.9783,2054.4,79.0,78
USC00489580,WESTON 1 E,WY,44.6403,-105.3008,1139.3,84.0,60
USC00489604,WHALEN DAM USBR,WY,42.2494,-104.6281,1308.8,88.0,55
USC00489770,WORLAND,WY,44.0114,-107.9683,1236.9,86.0,116
USC00489905,YELLOWSTONE PARK MAMMOTH,WY,44.9767,-110.6964,1888.2,68.0,94
USW00003013,LAMAR MUNI AP,CO,38.07,-102.6881,1129.0,94.0,30
USW00003017,DENVER INTL AP,CO,39.8328,-104.6575,1650.2,87.0,32
USW00003103,FLAGSTAFF PULLIAM AP,AZ,35.1442,-111.6664,2134.5,84.0,101
USW00003104,DESERT RESORTS RGNL AP,CA,33.6267,-116.1594,-36.0,108.0,76
USW00003125,YUMA PROVING GROUND,AZ,32.8356,-114.3942,98.8,108.0,71
USW00003144,IMPERIAL CO AP,CA,32.8342,-115.5786,-17.7,107.0,46
USW00003145,YUMA MCAS,AZ,32.65,-114.6167,64.9,109.0,45
USW00003159,LANCASTER WM J FOX FLD,CA,34.7411,-118.2117,712.6,95.0,52
USW00003160,MERCURY DESERT ROCK AP,NV,36.6206,-116.0278,984.5,92.0,48
USW00003178,SAN DIEGO BROWN FLD,CA,32.5722,-116.9794,157.0,97.0,38
USW00003195,GRAND CANYON NP AP,AZ,35.9461,-112.1547,2013.5,86.0,30
USW00003804,PARKERSBURG WOOD CO AP,WV,39.345,-81.4392,253.3,86.0,75
USW00003809,DYERSBURG III GOLF,TN,36.0003,-89.41,91.4,87.0,76
USW00003810,HICKORY FAA AP,NC,35.7425,-81.3819,348.4,86.0,77
USW00003811,JACKSON MCKELLAR AP,TN,35.5931,-88.9167,132.0,88.0,78
USW00003816,PADUCAH,KY,37.0683,-88.7719,119.5,87.0,77
USW00003822,SAVANNAH INTL AP,GA,32.13,-81.21,14.0,91.0,79
USW00003847,CROSSVILLE MEM AP,TN,35.9508,-85.0814,569.1,83.0,72
USW00003849,LONDON CORBIN AP,KY,37.0872,-84.0769,362.1,87.0,72
USW00003860,HUNTINGTON TRI STATE AP,WV,38.365,-82.555,251.2,89.0,66
USW00003868,TERRE HAUTE HULMAN RGNL AP,IN,39.4519,-87.3089,175.3,88.0,86
USW00003889,JACKSON,KY,37.5908,-83.3131,415.7,88.0,46
USW00003919,SALINA MUNI AP,KS,38.8,-97.65,386.8,97.0,71
USW00003928,WICHITA,KS,37.6544,-97.4425,406.9,95.0,73
USW00003932,CLINTON SHERMAN AP,OK,35.21,-99.12,585.8,97.0,43
USW00003935,CAPE GIRARDEAU MUNI AP,MO,37.2253,-89.5706,102.4,85.0,65
USW00003936,MANHATTAN MUNI AP,KS,39.1353,-96.6778,322.2,96.0,34
USW00003945,COLUMBIA RGNL AP,MO,38.8169,-92.2183,272.2,93.0,116
USW00003947,KANSAS CITY INTL AP,MO,39.2972,-94.7306,306.3,93.0,54
USW00003950,LAWTON MUNI AP,OK,34.5583,-98.4172,325.8,95.0,30
USW00003952,LITTLE ROCK,AR,34.8364,-92.2619,173.1,88.0,51
USW00003954,OKLAHOMA CITY POST AP,OK,35.5342,-97.6469,395.3,97.0,30
USW00003959,BARTLESVILLE F P FLD,OK,36.7683,-96.0261,217.9,96.0,104
USW00003962,HOT SPRINGS ASOS,AR,34.29,-93.06,163.1,89.0,40
USW00003965,STILLWATER RGNL AP,OK,36.1625,-97.0894,299.9,97.0,30
USW00003966,ST LOUIS SPRT OF S L AP,MO,38.6572,-90.6558,140.8,94.0,37
USW00003967,OLATHE JOHNSON CO EXEC AP,KS,38.85,-94.7392,326.1,92.0,30
USW00003969,STEPHENVILLE,TX,32.2314,-98.2319,393.2,96.0,78
USW00003974,WICHITA JABARA AP,KS,37.7461,-97.2211,433.1,95.0,30
USW00003991,DENTON MUNI AP,TX,33.2061,-97.1989,195.7,95.0,30
USW00003994,SEDALIA MEM AP,MO,38.7042,-93.1833,274.3,91.0,30
USW00003997,LAWRENCE MUNI AP,KS,39.0083,-95.2117,253.6,96.0,30
USW00004110,JEROME CO AP,ID,42.7267,-114.4564,1233.8,79.0,30
USW00012911,RANDOLPH AFB,TX,29.5439,-98.2736,231.6,98.0,30
USW00012962,HONDO MUNI AP,TX,29.36,-99.1742,280.4,97.0,52
USW00012970,SAN ANTONIO STINSON AP,TX,29.3389,-98.4719,174.0,97.0,30
USW00012971,AUSTIN SAN ANTONIO,TX,29.7036,-98.0281,192.9,97.0,30
USW00013728,DANVILLE RGNL AP,VA,36.5728,-79.3361,174.0,89.0,42
USW00013737,NORFOLK INTL AP,VA,36.9033,-76.1922,9.1,88.0,81
USW00013741,ROANOKE RGNL AP,VA,37.3169,-79.9742,358.1,87.0,79
USW00013748,WILMINGTON INTL AP,NC,34.2675,-77.8997,10.1,90.0,94
USW00013802,BELLEVILLE SIU RSCH,IL,38.52,-89.8467,137.2,92.0,78
USW00013809,LAWRENCEVILLE INTL AP,IL,38.7642,-87.6056,130.8,88.0,30
USW00013810,LOUISVILLE BOWMAN FLD,KY,38.2281,-85.6636,164.6,87.0,36
USW00013867,PARKERSBURG,WV,39.2811,-81.5572,189.0,87.0,43
USW00013880,CHARLESTON INTL AP,SC,32.8986,-80.0403,12.2,90.0,90
USW00013893,MEMPHIS INTL AP,TN,35.0564,-89.9864,77.4,86.0,87
USW00013896,MUSCLE SHOALS RGNL AP,AL,34.7442,-87.5997,164.6,88.0,85
USW00013897,NASHVILLE INTL AP,TN,36.1189,-86.6892,182.9,89.0,87
USW00013904,AUSTIN BERGSTROM AP,TX,30.1831,-97.68,146.3,98.0,82
USW00013920,TOPEKA FORBES FLD,KS,38.9503,-95.6639,325.2,95.0,49
USW00013932,WINFIELD STROTHER FLD AP,KS,37.1681,-97.0369,350.5,96.0,30
USW00013962,ABILENE RGNL AP,TX,32.4106,-99.6822,545.6,98.0,83
USW00013964,FT SMITH RGNL AP,AR,35.3331,-94.3625,136.9,95.0,81
USW00013967,OKLAHOMA CITY WILL ROGERS AP,OK,35.3889,-97.6006,391.7,96.0,79
USW00013969,PONCA CITY MUNI AP,OK,36.7367,-97.1019,304.8,97.0,79
USW00013971,HARRISON BOONE CO AP,AR,36.2667,-93.1567,418.8,96.0,68
USW00013978,GREENWOOD LEFLORE AP,MS,33.4964,-90.0867,40.5,89.0,57
USW00013981,CHANUTE MARTIN JOHNSON AP,KS,37.6703,-95.4842,300.2,95.0,125
USW00013985,DODGE CITY,KS,37.7608,-99.9683,789.4,95.0,84
USW00013986,HUTCHINSON MUNI AP,KS,38.0653,-97.8606,470.3,97.0,41
USW00013988,KANSAS CITY DOWNTOWN AP,MO,39.1208,-94.5969,226.2,95.0,86
USW00013989,EMPORIA MUNI AP,KS,38.3306,-96.1897,368.5,96.0,60
USW00013991,MARSHALL,MO,39.1342,-93.2225,240.8,92.0,128
USW00013994,ST LOUIS LAMBERT INTL AP,MO,38.7525,-90.3736,161.8,93.0,97
USW00013995,SPRINGFIELD,MO,37.2353,-93.4003,389.5,90.0,87
USW00013996,TOPEKA MUNI AP,KS,39.0725,-95.6261,267.0,96.0,80
USW00013997,VICHY ROLLA NATIONAL AP,MO,38.1311,-91.7683,343.5,91.0,78
USW00014762,PITTSBURGH ALLEGHENY CO AP,PA,40.3547,-79.9217,380.4,84.0,45
USW00014821,COLUMBUS PORT COLUMBUS INTL AP,OH,39.9914,-82.8808,246.9,86.0,79
USW00014842,PEORIA GTR PEORIA AP,IL,40.6675,-89.6839,198.1,87.0,127
USW00014894,WHEELING OHIO CO AP,WV,40.1764,-80.6472,359.4,85.0,34
USW00014933,DES MOINES INTL AP,IA,41.5339,-93.6531,291.7,91.0,87
USW00014935,GRAND ISLAND AP,NE,40.9611,-98.3136,560.8,98.0,93
USW00014937,IOWA CITY MUNI AP,IA,41.6328,-91.5431,198.1,91.0,37
USW00014938,KIRKSVILLE RGNL AP,MO,40.0972,-92.5433,294.4,91.0,54
USW00014939,LINCOLN MUNI AP,NE,40.8508,-96.7475,362.7,97.0,61
USW00014941,NORFOLK KARL STEFAN AP,NE,41.9856,-97.4353,472.7,96.0,81
USW00014942,OMAHA EPPLEY AIRFIELD,NE,41.3103,-95.8992,299.3,96.0,91
USW00014943,SIOUX CITY GATEWAY AP,IA,42.3914,-96.3792,333.8,95.0,131
USW00014944,SIOUX FALLS,SD,43.5878,-96.7289,435.9,89.0,133
USW00014950,OTTUMWA INDUSTRIAL AP,IA,41.1078,-92.4467,256.6,91.0,79
USW00014972,SPENCER MUNI AP,IA,43.1644,-95.2017,407.8,89.0,30
USW00014990,CEDAR RAPIDS MUNI AP,IA,41.8833,-91.7167,264.6,89.0,73
USW00023007,CHILDRESS MUNI AP,TX,34.4272,-100.2831,594.7,101.0,79
USW00023009,ROSWELL IND AIR PK,NM,33.3075,-104.5083,1112.2,100.0,72
USW00023023,MIDLAND ODESSA,TX,31.9433,-102.1889,874.2,99.0,96
USW00023034,SAN ANGELO,TX,31.3711,-100.4922,576.1,100.0,116
USW00023042,LUBBOCK,TX,33.6542,-101.8136,993.3,98.0,80
USW00023044,EL PASO INTL AP,TX,31.8111,-106.3758,1194.2,96.0,88
USW00023047,AMARILLO,TX,35.2333,-101.7089,1093.3,99.0,85
USW00023048,TUCUMCARI MUNI AP,NM,35.1822,-103.6031,1239.0,98.0,54
USW00023049,SANTA FE CO MUNI AP,NM,35.6169,-106.0889,1933.7,87.0,46
USW00023050,ALBUQUERQUE INTL AP,NM,35.0419,-106.6156,1618.5,91.0,134
USW00023051,CLAYTON MUNI AIR PK,NM,36.4486,-103.1539,1511.8,94.0,116
USW00023052,RATON MUNI CREWS AP,NM,36.7414,-104.5022,1935.2,88.0,49
USW00023054,LAS VEGAS MUNI AP,NM,35.6542,-105.1419,2095.2,86.0,86
USW00023061,ALAMOSA SAN LUIS AP,CO,37.4389,-105.8614,2296.1,83.0,79
USW00023062,DENVER-STAPLETON,CO,39.7633,-104.8694,1611.2,87.0,79
USW00023064,GARDEN CITY RGNL AP,KS,37.9272,-100.7247,878.4,96.0,76
USW00023065,GOODLAND,KS,39.3669,-101.7,1112.8,94.0,121
USW00023066,GRAND JUNCTION WALKER FLD,CO,39.1342,-108.54,1480.7,88.0,127
USW00023067,LA JUNTA MUNI AP,CO,38.0494,-103.5122,1278.3,92.0,80
USW00023070,TRINIDAD PERRY STOKES AP,CO,37.2622,-104.3378,1749.9,92.0,79
USW00023078,DEMING MUNI AP,NM,32.2622,-107.7206,1310.9,96.0,47
USW00023081,GALLUP MUNI AP,NM,35.5144,-108.7939,1972.4,87.0,54
USW00023090,FARMINGTON RGNL AP,NM,36.7436,-108.2292,1674.9,87.0,57
USW00023091,FT STOCKTON PECOS AP,TX,30.9119,-102.9167,917.4,102.0,30
USW00023110,LEMOORE REEVES NAS,CA,36.3333,-119.95,70.7,94.0,64
USW00023129,LONG BEACH DAUGHERTY FLD,CA,33.8117,-118.1464,9.4,99.0,77
USW00023130,VAN NUYS AP,CA,34.2097,-118.4892,234.7,98.0,31
USW00023136,CAMARILLO AP,CA,34.2167,-119.0833,23.5,97.0,44
USW00023152,BURBANK GLENDALE PASADENA AP,CA,34.2006,-118.3575,225.9,99.0,55
USW00023153,TONOPAH,NV,38.0511,-117.0903,1644.4,84.0,72
USW00023154,ELY YELLAND FLD AP,NV,39.2953,-114.8467,1908.7,83.0,105
USW00023155,BAKERSFIELD AP,CA,35.4344,-119.0542,149.0,95.0,89
USW00023157,BISHOP AP,CA,37.3711,-118.3581,1250.3,89.0,98
USW00023158,BLYTHE AP,CA,33.6186,-114.7142,120.4,104.0,78
USW00023159,BRYCE CANYON AP,UT,37.7064,-112.1456,2312.2,78.0,60
USW00023160,TUCSON INTL AP,AZ,32.1314,-110.9553,776.9,102.0,78
USW00023161,BARSTOW DAGGETT AP,CA,34.8536,-116.7858,584.3,98.0,83
USW00023162,DELTA,UT,39.3375,-112.5858,1408.2,93.0,59
USW00023169,LAS VEGAS MCCARRAN AP,NV,36.0719,-115.1633,649.5,98.0,78
USW00023170,HANKSVILLE,UT,38.3706,-110.7153,1313.1,91.0,109
USW00023176,MILFORD MUNI AP,UT,38.4167,-113.0167,1536.2,87.0,30
USW00023179,NEEDLES AP,CA,34.7675,-114.6189,271.3,106.0,86
USW00023182,PALMDALE AP,CA,34.6294,-118.0836,769.3,95.0,62
USW00023183,PHOENIX SKY HARBOR INTL AP,AZ,33.4278,-112.0039,337.4,105.0,89
USW00023184,PRESCOTT LOVE FLD,AZ,34.6517,-112.4208,1536.8,91.0,79
USW00023185,RENO TAHOE INTL AP,NV,39.4839,-119.7711,1344.2,88.0,90
USW00023187,SANDBERG,CA,34.7436,-118.7242,1374.6,84.0,92
USW00023191,AVALON CATALINA AP,CA,33.405,-118.4158,488.3,91.0,39
USW00023194,WINSLOW MUNI AP,AZ,35.0281,-110.7208,1489.3,95.0,118
USW00023199,EL CENTRO NAF,CA,32.8167,-115.6833,-12.8,107.0,42
USW00023225,BLUE CANYON AP,CA,39.2775,-120.7103,1608.1,78.0,76
USW00023230,OAKLAND METRO INTL AP,CA,37.7214,-122.2208,1.8,86.0,63
USW00023232,SACRAMENTO EXECUTIVE AP,CA,38.5069,-121.495,4.6,88.0,85
USW00023233,SALINAS MUNICIPAL AP,CA,36.6636,-121.6081,22.6,94.0,94
USW00023234,SAN FRANCISCO INTL AP,CA,37.6197,-122.3647,2.4,89.0,81
USW00023237,STOCKTON METRO AP,CA,37.8892,-121.2258,7.9,90.0,78
USW00023244,MOFFETT FEDERAL AIRFIELD,CA,37.4058,-122.0481,11.9,86.0,73
USW00023258,MODESTO CITY CO AP,CA,37.6242,-120.9506,22.3,91.0,99
USW00023259,MONTEREY PENINSUL AP,CA,36.5881,-121.8453,50.3,89.0,37
USW00023272,SAN FRANCISCO DWTN,CA,37.7706,-122.4269,45.7,90.0,152
USW00023273,SANTA MARIA PUBLIC AP,CA,34.8994,-120.4486,73.8,95.0,79
USW00024015,AKRON WASHINGTON CO AP,CO,40.1667,-103.2167,1421.3,89.0,89
USW00024017,CHADRON MUNI AP,NE,42.8375,-103.0953,1011.3,92.0,71
USW00024018,CHEYENNE,WY,41.1519,-104.8061,1867.8,83.0,91
USW00024021,LANDER HUNT FLD AP,WY,42.8153,-108.7261,1704.4,82.0,80
USW00024022,LARAMIE RGNL AP,WY,41.3119,-105.6747,2214.7,77.0,79
USW00024023,NORTH PLATTE RGNL AP,NE,41.1214,-100.6694,846.7,94.0,79
USW00024027,ROCK SPRINGS AP,WY,41.5944,-109.0528,2054.7,78.0,77
USW00024028,SCOTTSBLUFF HEILIG AP,NE,41.8706,-103.5931,1202.4,92.0,134
USW00024029,SHERIDAN CO AP,WY,44.7694,-106.9689,1202.4,83.0,86
USW00024030,SIDNEY MUNI AP,NE,41.1014,-102.9847,1313.4,92.0,69
USW00024032,VALENTINE MILLER FLD,NE,42.8783,-100.55,789.4,87.0,137
USW00024033,BILLINGS LOGAN INTL AP,MT,45.8069,-108.5422,1091.5,83.0,92
USW00024044,ALLIANCE MUNI AP,NE,42.0572,-102.8,1196.0,91.0,30
USW00024046,CRAIG MOFFAT CO AP,CO,40.4953,-107.5211,1885.5,82.0,30
USW00024057,RAWLINS MUNI AP,WY,41.8056,-107.1997,2053.1,78.0,76
USW00024061,RIVERTON,WY,43.0661,-108.4767,1697.1,82.0,30
USW00024062,WORLAND,WY,43.9658,-107.9508,1271.6,88.0,66
USW00024088,MOORCROFT 3S,WY,44.2169,-104.9292,1318.3,83.0,79
USW00024089,CASPER NATRONA CO AP,WY,42.8975,-106.4636,1627.0,83.0,78
USW00024090,RAPID CITY RGNL AP,SD,44.0433,-103.0536,963.2,87.0,78
USW00024091,IMPERIAL MUNI AP,NE,40.51,-101.62,996.1,95.0,46
USW00024110,MOSES LAKE GRANT CO AP,WA,47.2078,-119.3192,364.5,75.0,47
USW00024119,BATTLE MOUNTAIN 4SE,NV,40.6117,-116.8917,1373.1,86.0,76
USW00024121,ELKO RGNL AP,NV,40.8289,-115.7886,1533.1,82.0,128
USW00024126,OGDEN HINKLEY AP,UT,41.1961,-112.0114,1362.5,81.0,33
USW00024127,SALT LAKE CITY INTL AP,UT,40.7781,-111.9694,1287.8,84.0,98
USW00024128,WINNEMUCCA MUNI AP,NV,40.9017,-117.8081,1309.4,87.0,77
USW00024130,BAKER CITY MUNI AP,OR,44.8428,-117.8086,1024.4,81.0,83
USW00024131,BOISE AIR TERMINAL,ID,43.5667,-116.2406,857.7,83.0,87
USW00024132,BOZEMAN GALLATIN FLD,MT,45.7881,-111.1608,1349.3,79.0,85
USW00024133,BURLEY MUNI AP,ID,42.5417,-113.7661,1262.5,80.0,78
USW00024135,BUTTE BERT MOONEY AP,MT,45.9647,-112.5006,1678.2,70.0,130
USW00024141,EPHRATA MUNI AP,WA,47.3078,-119.5153,381.6,75.0,78
USW00024145,IDAHO FALLS FANNING FLD,ID,43.5164,-112.0672,1441.4,78.0,74
USW00024150,LIVINGSTON MISSION FLD,MT,45.6983,-110.4408,1415.2,79.0,78
USW00024156,POCATELLO RGNL AP,ID,42.9203,-112.5711,1364.9,77.0,88
USW00024172,LOVELOCK DERBY FLD,NV,40.0681,-118.5692,1189.3,86.0,74
USW00024215,MT SHASTA,CA,41.3325,-122.3328,1077.5,83.0,67
USW00024221,EUGENE MAHLON SWEET AP,OR,44.1278,-123.2206,107.6,78.0,88
USW00024230,REDMOND ROBERTS FLD,OR,44.2558,-121.1392,927.5,81.0,76
USW00024257,REDDING MUNI AP,CA,40.5175,-122.2986,151.5,93.0,40
USW00024259,MONTAGUE SISKIYOU CO AP,CA,41.7806,-122.4717,803.1,81.0,30
USW00053841,FRANKFORT CAPITAL CITY AP,KY,38.1847,-84.9033,245.1,85.0,30
USW00053842,INDIANAPOLIS EAGLE CREEK AP,IN,39.825,-86.2958,250.9,86.0,30
USW00053844,LANCASTER FAIRFIELD AP,OH,39.7556,-82.6572,264.9,84.0,30
USW00053852,DECATUR PRYOR FLD,AL,34.6525,-86.9453,180.4,88.0,30
USW00053901,WEST PLAINS MUNI AP,MO,36.8781,-91.9025,372.8,94.0,30
USW00093005,DURANGO LA PLATA CO AP,CO,37.1431,-107.7597,2030.0,82.0,30
USW00093009,LEADVILLE LAKE CO AP,CO,39.2292,-106.3169,3027.3,66.0,48
USW00093010,LIMON WSMO,CO,39.1894,-103.7158,1634.9,87.0,75
USW00093013,MONTROSE RGNL AP,CO,38.505,-107.8975,1755.3,87.0,30
USW00093026,DOUGLAS BISBEE INL AP,AZ,31.4583,-109.6061,1251.2,95.0,76
USW00093033,CARLSBAD CAVERN CITY AP,NM,32.3336,-104.2581,985.1,103.0,84
USW00093037,COLORADO SPRINGS MUNI AP,CO,38.81,-104.6883,1884.0,86.0,78
USW00093042,DALHART MUNI AP,TX,36.0167,-102.55,1216.2,98.0,78
USW00093045,TRUTH OR CONSEQUENCE AP,NM,33.2367,-107.2681,1478.3,93.0,62
USW00093058,PUEBLO MEM AP,CO,38.29,-104.4983,1438.7,93.0,72
USW00093069,CORTEZ MONTEZUMA CO AP,CO,37.3031,-108.6275,1802.6,85.0,30
USW00093102,FALLON NAAS,NV,39.4167,-118.7167,1199.1,86.0,73
USW00093104,CHINA LAKE NAF,CA,35.6875,-117.6931,679.7,96.0,64
USW00093129,CEDAR CITY MUNI AP,UT,37.7086,-113.0944,1702.6,86.0,78
USW00093139,PAYSON,AZ,34.2325,-111.3447,1478.3,90.0,78
USW00093167,KINGMAN MOHAVE CO AP,AZ,35.2578,-113.9331,1042.4,96.0,30
USW00093193,FRESNO YOSEMITE INTL AP,CA,36.78,-119.7194,101.5,93.0,79
USW00093209,PASO ROBLES MUNI AP,CA,35.6697,-120.6283,246.9,95.0,75
USW00093230,SOUTH LAKE TAHOE AP,CA,38.8983,-119.9947,1924.5,76.0,57
USW00093809,CAIRO 3N,IL,37.0422,-89.1856,95.4,86.0,31
USW00093812,CINCINNATI LUNKEN AP,OH,39.1033,-84.4189,149.4,86.0,72
USW00093814,CINCINNATI NORTHERN KY AP,KY,39.0431,-84.6717,264.9,86.0,79
USW00093815,DAYTON INTL AP,OH,39.9061,-84.2186,304.8,86.0,92
USW00093817,EVANSVILLE REGIONAL AP,IN,38.0442,-87.5206,121.9,88.0,130
USW00093819,INDIANAPOLIS,IN,39.7075,-86.2803,240.8,88.0,84
USW00093821,LOUISVILLE INTL AP,KY,38.1811,-85.7392,148.7,89.0,81
USW00093822,SPRINGFIELD CAPITAL AP,IL,39.8447,-89.6839,181.1,92.0,126
USW00093823,TERRE HAUTE CAA AP,IN,39.45,-87.3,175.3,88.0,86
USW00093824,ZANESVILLE MUNI AP,OH,39.9444,-81.8922,268.2,86.0,81
USW00093909,OLATHE JOHNSON CO AP,KS,38.8317,-94.8897,331.3,94.0,53
USW00093967,COFFEYVILLE MUNI AP,KS,37.0911,-95.5664,229.2,95.0,30
USW00093986,HOBART MUNI AP,OK,34.9894,-99.0525,474.3,99.0,117
USW00093988,PINE BLUFF GRIDER FLD,AR,34.175,-91.9347,63.1,92.0,78
USW00093989,QUINCY RGNL AP,IL,39.9369,-91.1919,234.4,89.0,78
USW00093990,HILL CITY MUNI AP,KS,39.3756,-99.8297,666.9,99.0,104
USW00093993,FAYETTEVILLE DRAKE FLD,AR,36.0097,-94.1694,381.3,94.0,77
USW00093997,RUSSELL MUNI AP,KS,38.8761,-98.8092,568.1,96.0,76
USW00094010,ST MARIE,MT,48.4089,-106.5144,840.0,73.0,40
USW00094040,MCCOOK MUNI AP,NE,40.2064,-100.5914,771.1,98.0,49
USW00094107,ROME ST AP,OR,42.5906,-117.8644,1234.4,85.0,30
USW00094143,IDAHO FALLS 46 W,ID,43.5317,-112.9422,1505.1,79.0,75
USW00094185,BURNS MUNI AP,OR,43.595,-118.9564,1261.9,80.0,53
USW00094236,KLAMATH FALLS INTL AP,OR,42.1469,-121.7242,1244.8,77.0,63
USW00094741,TETERBORO AP,NJ,40.85,-74.0614,2.7,85.0,57
USW00094823,PITTSBURGH INTL AP,PA,40.4847,-80.2144,366.7,84.0,79
USW00094895,MUNCIE DELAWARE CO AP,IN,40.2342,-85.3936,285.6,86.0,63
USW00094910,WATERLOO MUNI AP,IA,42.5544,-92.4011,264.6,87.0,77
USW00094911,YANKTON 2 E,SD,42.8783,-97.3633,359.7,93.0,95
USW00094949,HASTINGS MUNI AP,NE,40.6044,-98.4272,591.3,97.0,30
USW00094957,FALLS CITY BRENNER FLD,NE,40.0803,-95.5919,298.7,95.0,112
USW00094978,TEKAMAH MUNI AP,NE,41.7636,-96.1778,313.3,98.0,30
USW00094982,DAVENPORT,IA,41.6117,-90.5808,229.8,86.0,30
USW00094988,MARSHALLTOWN MUNI AP,IA,42.1128,-92.9175,296.9,88.0,30
USW00094989,AMES MUNI AP,IA,41.9922,-93.6217,283.5,92.0,30
